id,order_id,product_id,product_name,unit_value,unit_type,mrp,sale_price,quantity,gst_slab,discount_amount,discount_percentage,total_amount
1,7,1,"Colgate strong Teeth Tooth Paste",100,gms,52.00,50.00,1,18.00,2.00,4,50.00
2,7,3,"Colgate Max Fresh blue Tooth Paste","2*150 gms",gms,170.00,158.00,1,18.00,12.00,7,158.00
3,7,5,"Colgate Herbal Tooth Paste",100,gms,58.00,56.00,1,18.00,2.00,3,56.00
4,7,8,"Colgate Salt Tooth Paste",20,gms,10.00,10.00,1,18.00,0.00,0,10.00
5,7,6,"Colgate Charcol clean Tooth Paste",120,gms,99.00,95.00,1,18.00,4.00,4,95.00
6,8,1730,"AASHIRWAAD ATTA WITH MULTIGRAINS",5,kg,310.00,280.00,1,5.00,30.00,10,280.00
7,8,1731,"AASHIRWAAD SUPERIOR MP ATTA ",5,kg,270.00,230.00,1,5.00,40.00,15,230.00
8,8,1733,"ANNAPURNA  FARM FRESH ATTA",1,kg,55.00,50.00,1,5.00,5.00,9,50.00
9,8,1736,"ASWIKA CHAKKI ATTA ",500,gms,20.00,18.00,1,0.00,2.00,10,18.00
10,8,1738,"ASWIKA MAIDA FLOUR",500,gms,20.00,18.00,1,0.00,2.00,10,18.00
11,8,1740,"VENKATESHWARA CORN FLOOR",500,gms,40.00,28.00,1,0.00,12.00,30,28.00
12,8,1748,"Aswika Bombay Ravva",500,gms,23.00,20.00,1,0.00,3.00,13,20.00
13,9,1730,"AASHIRWAAD ATTA WITH MULTIGRAINS",1,kg,64.00,62.00,1,5.00,2.00,3,62.00
14,9,1187,"Nestle EveryDay Dairy Whitner",200,gms,104.00,100.00,1,12.00,4.00,4,100.00
15,9,1,"Colgate strong Teeth Tooth Paste",300,gms,147.00,140.00,1,18.00,7.00,5,140.00
16,9,1140,"3 ROSES Natural Care",500,gms,340.00,322.00,1,5.00,18.00,5,322.00
17,9,1161,"Bru instant",50,gms,70.00,68.00,1,5.00,2.00,3,68.00
18,10,1186,"Amulya Dairy Whitner",500,gms,212.00,200.00,1,12.00,12.00,6,200.00
19,10,1189,"Nandini Good Life",1,l,62.00,60.00,1,12.00,2.00,3,60.00
20,10,1192,"Amul Whipping cream",250,ml,69.00,68.00,1,12.00,1.00,1,68.00
21,10,1195,"Sofit soya milk (Chocolate)",200,ml,35.00,34.00,1,12.00,1.00,3,34.00
22,10,1354,"Parle Rusk Real Elachi",200,gms,32.00,30.00,1,18.00,2.00,6,30.00
23,10,1190,"Harsheys Milk Shake ( Cookies & cream Flavour)",200,ml,35.00,33.00,1,12.00,2.00,6,33.00
24,10,1144,"Red Label Natural Care",100,gms,60.00,57.00,1,5.00,3.00,5,57.00
25,10,1147,"TATA Chakri Gold",500,gms,320.00,299.00,1,5.00,21.00,7,299.00
26,11,59,"Bajaj Almond Hair Oil",50,ml,35.00,34.00,1,18.00,1.00,3,34.00
27,11,59,"Bajaj Almond Hair Oil",500,ml,280.00,270.00,1,18.00,10.00,4,270.00
28,11,61,"Dabur Amla Hair Oil",180,ml,88.00,83.00,1,18.00,5.00,6,83.00
29,14,1186,"Amulya Dairy Whitner",500,gms,212.00,200.00,1,12.00,12.00,6,200.00
30,14,1189,"Nandini Good Life",1,l,62.00,60.00,1,12.00,2.00,3,60.00
31,14,1192,"Amul Whipping cream",250,ml,69.00,68.00,1,12.00,1.00,1,68.00
32,15,1730,"AASHIRWAAD ATTA WITH MULTIGRAINS",1,kg,64.00,62.00,1,5.00,2.00,3,62.00
33,15,701,"Surf excel easy wash",500,gms,62.00,60.00,1,18.00,2.00,3,60.00
34,15,1140,"3 ROSES Natural Care",250,gms,180.00,175.00,1,5.00,5.00,3,175.00
35,15,1186,"Amulya Dairy Whitner",500,gms,212.00,200.00,1,12.00,12.00,6,200.00
36,16,1730,"AASHIRWAAD ATTA WITH MULTIGRAINS",1,kg,64.00,62.00,1,5.00,2.00,3,62.00
37,16,1730,"AASHIRWAAD ATTA WITH MULTIGRAINS",5,kg,310.00,280.00,2,5.00,30.00,10,560.00
38,16,1730,"AASHIRWAAD ATTA WITH MULTIGRAINS",10,kg,570.00,542.00,1,5.00,28.00,5,542.00
39,17,431,"Baby soap with baby lotion & Vitamin E",50,gms,35.00,33.00,1,18.00,2.00,6,33.00
40,17,432,"Baby soap Blossoms",75,gms,55.00,52.00,1,18.00,3.00,5,52.00
41,17,436,"Baby Cream extra soft & Gentle",200,ml,250.00,237.00,1,18.00,13.00,5,237.00
42,17,435,"Baby Soap refreshing Watermelon",75,gms,48.00,46.00,1,18.00,2.00,4,46.00
43,17,439,"Baby soap mysore sandal",75,gms,40.00,38.00,1,18.00,2.00,5,38.00
44,17,466,"Happy skin pants 2 - pcs","Large( 9 - 14 kg)",pc,28.00,26.00,1,12.00,2.00,7,26.00
45,17,466,"Happy skin pants 2 - pcs","Medium ( 7 -13 kg)",pc,24.00,22.00,2,12.00,2.00,8,44.00
46,18,1730,"AASHIRWAAD ATTA WITH MULTIGRAINS",1,kg,64.00,62.00,1,5.00,2.00,3,62.00
47,18,1731,"AASHIRWAAD SUPERIOR MP ATTA ",2,kg,109.00,100.00,1,5.00,9.00,8,100.00
48,18,1732,"AASHIRWAAD SELECT SHARBATI  ATTA ",5,kg,300.00,270.00,1,5.00,30.00,10,270.00
49,18,1735,"SRILALITHA CHAKKI ATTA",1,kg,45.00,40.00,1,0.00,5.00,11,40.00
50,18,1739,"ASWIKA BESAN FLOUR",1,kg,100.00,80.00,1,0.00,20.00,20,80.00
51,18,701,"Surf excel easy wash",500,gms,62.00,60.00,1,18.00,2.00,3,60.00
52,18,702,"Surf excel matic front load",500,gms,125.00,118.00,1,18.00,7.00,6,118.00
53,18,703,"Surf excel matic Top Load",1,kg,215.00,209.00,1,18.00,6.00,3,209.00
54,18,59,"Bajaj Almond Hair Oil",100,ml,65.00,62.00,1,18.00,3.00,5,62.00
55,18,60,"Bajaj Brahmi Amla Hair Oil",90,ml,45.00,44.00,1,18.00,1.00,2,44.00
56,19,1738,"ASWIKA MAIDA FLOUR",500,gms,20.00,18.00,1,0.00,2.00,10,18.00
57,19,1730,"AASHIRWAAD ATTA WITH MULTIGRAINS",10,kg,570.00,542.00,3,5.00,28.00,5,1626.00
58,19,1734,"PATANJALI ATTA (WITH BRAN) WHEAT FLOUR",1,kg,48.00,48.00,1,5.00,0.00,0,48.00
59,19,59,"Bajaj Almond Hair Oil",100,ml,65.00,62.00,1,18.00,3.00,5,62.00
60,19,60,"Bajaj Brahmi Amla Hair Oil",90,ml,45.00,44.00,1,18.00,1.00,2,44.00
61,19,63,"DaburVatika Hibiscus Hair Oil",90,ml,39.00,37.00,1,18.00,2.00,5,37.00
62,19,64,"Dabur Almond Hair Oil",200,ml,125.00,120.00,1,18.00,5.00,4,120.00
63,19,70,"Navaratan Hair Oil",300,ml,182.00,173.00,1,18.00,9.00,5,173.00
64,19,73,"Parachute Alovera Hair Oil",150,ml,75.00,71.00,1,18.00,4.00,5,71.00
65,19,77,"Parachute Hair Oil",200,ml,80.00,76.00,1,18.00,4.00,5,76.00
66,20,1730,"AASHIRWAAD ATTA WITH MULTIGRAINS",1,kg,64.00,62.00,3,5.00,2.00,3,186.00
67,20,1732,"AASHIRWAAD SELECT SHARBATI  ATTA ",1,kg,62.00,60.00,3,5.00,2.00,3,180.00
68,20,701,"Surf excel easy wash",5,kg,480.00,456.00,3,18.00,24.00,5,1368.00
69,20,706,"Surf excel matic Top Load Powder",2,kg,449.00,426.00,3,18.00,23.00,5,1278.00
70,20,1347,"Britannia Cake Gobbles Choco Chill",120,gms,30.00,28.00,1,18.00,2.00,7,28.00
71,21,1702,"Freedom Refined Sunflower Oil  Jar",5,l,810.00,720.00,1,12.00,90.00,11,720.00
72,22,1758,"Aswika Red Thoor Dal",1,kg,100.00,84.00,1,0.00,16.00,16,84.00
73,22,1760,"Aswika Thoor Dal Unpolished",1,kg,150.00,120.00,1,0.00,30.00,20,120.00
74,22,1762,"Aswika Chana Dal",1,kg,115.00,83.00,1,0.00,32.00,28,83.00
75,23,1730,"AASHIRWAAD ATTA WITH MULTIGRAINS",1,kg,64.00,62.00,1,5.00,2.00,3,62.00
76,23,1730,"AASHIRWAAD ATTA WITH MULTIGRAINS",5,kg,310.00,280.00,1,5.00,30.00,10,280.00
77,23,1140,"3 ROSES Natural Care",500,gms,340.00,322.00,1,5.00,18.00,5,322.00
78,24,1758,"Aswika Red Thoor Dal",500,gms,50.00,42.00,1,0.00,8.00,16,42.00
79,24,1760,"Aswika Thoor Dal Unpolished",500,gms,75.00,60.00,1,0.00,15.00,20,60.00
80,24,1762,"Aswika Chana Dal",500,gms,55.00,42.00,1,0.00,13.00,24,42.00
81,24,1764,"Aswika Pesalu",500,gms,75.00,60.00,1,0.00,15.00,20,60.00
82,24,1766,"Aswika Urad Dal",500,gms,80.00,65.00,1,0.00,15.00,19,65.00
83,24,1555,OATS,200,gms,42.00,40.00,1,5.00,2.00,5,40.00
84,24,1186,"Amulya Dairy Whitner",200,gms,85.00,81.00,1,12.00,4.00,5,81.00
85,24,1186,"Amulya Dairy Whitner",500,gms,212.00,200.00,1,12.00,12.00,6,200.00
86,24,765,"Expert Double Action Formul",300,gms,20.00,20.00,1,18.00,0.00,0,20.00
87,24,701,"Surf excel easy wash",500,gms,62.00,60.00,1,18.00,2.00,3,60.00
88,24,1464,"Tirumala Non Fruit Vinegar",700,gms,60.00,40.00,1,18.00,20.00,33,40.00
89,24,59,"Bajaj Almond Hair Oil",50,ml,35.00,34.00,1,18.00,1.00,3,34.00
90,24,1,"Colgate strong Teeth Tooth Paste",100,gms,52.00,50.00,1,18.00,2.00,4,50.00
91,24,1140,"3 ROSES Natural Care",500,gms,340.00,322.00,1,5.00,18.00,5,322.00
92,24,1161,"Bru instant",50,gms,70.00,68.00,1,5.00,2.00,3,68.00
93,24,1173,"Maaza Bottle",600,ml,40.00,40.00,1,12.00,0.00,0,40.00
94,24,441,"Baby powder Johnson & Johnson",100,gms,75.00,72.00,1,18.00,3.00,4,72.00
95,24,1335,"Karachi Bakery Osmania Biscuits",400,gms,150.00,135.00,1,18.00,15.00,10,135.00
96,24,1915,"PARLE MELODY CHOCOLATE",195.5,gms,50.00,45.00,1,18.00,5.00,10,45.00
97,24,1730,"AASHIRWAAD ATTA WITH MULTIGRAINS",1,kg,64.00,62.00,1,5.00,2.00,3,62.00
98,25,1705,"ZeebaPremium Basmati Rice",1,kg,210.00,185.00,1,5.00,25.00,12,185.00
99,25,1381,"Spencer'sGolden Crust  Milk Bread",400,gms,40.00,38.00,1,5.00,2.00,5,38.00
100,26,1730,"AASHIRWAAD ATTA WITH MULTIGRAINS",1,kg,64.00,62.00,1,5.00,2.00,3,62.00
101,26,1500,"Sunfeast yippee noodles 4 in 1 pack",280,gms,78.00,75.00,1,12.00,3.00,4,75.00
102,26,1186,"Amulya Dairy Whitner",200,gms,85.00,81.00,1,12.00,4.00,5,81.00
103,26,701,"Surf excel easy wash",500,gms,62.00,60.00,1,18.00,2.00,3,60.00
104,26,1,"Colgate strong Teeth Tooth Paste",100,gms,52.00,50.00,1,18.00,2.00,4,50.00
105,27,1186,"Amulya Dairy Whitner",200,gms,85.00,81.00,2,12.00,4.00,5,162.00
106,28,766,"Citrus Plus dish bar",200,gms,10.00,9.00,1,18.00,1.00,10,9.00
107,29,1187,"Nestle EveryDay Dairy Whitner",200,gms,104.00,100.00,1,12.00,4.00,4,100.00
108,30,1,"Colgate strong Teeth Tooth Paste",200,gms,95.00,90.00,1,18.00,5.00,5,90.00
109,31,59,"Bajaj Almond Hair Oil",50,ml,35.00,34.00,1,18.00,1.00,3,34.00
110,32,684,"English Lavendar fragrant Handwash Pouch",180,ml,85.00,80.00,1,18.00,5.00,6,80.00
111,33,1730,"AASHIRWAAD ATTA WITH MULTIGRAINS",1,kg,64.00,62.00,1,5.00,2.00,3,62.00
112,33,1730,"AASHIRWAAD ATTA WITH MULTIGRAINS",5,kg,310.00,280.00,1,5.00,30.00,10,280.00
113,33,1186,"Amulya Dairy Whitner",200,gms,85.00,81.00,1,12.00,4.00,5,81.00
114,33,1186,"Amulya Dairy Whitner",500,gms,212.00,200.00,1,12.00,12.00,6,200.00
115,33,1187,"Nestle EveryDay Dairy Whitner",200,gms,104.00,100.00,1,12.00,4.00,4,100.00
116,34,1140,"3 ROSES Natural Care",100,gms,65.00,63.00,3,5.00,2.00,3,189.00
117,34,1140,"3 ROSES Natural Care",250,gms,180.00,175.00,3,5.00,5.00,3,525.00
118,34,1140,"3 ROSES Natural Care",500,gms,340.00,322.00,3,5.00,18.00,5,966.00
119,34,1141,"3 ROSES Natural Care with 5 Ingredients",250,gms,190.00,185.00,5,5.00,5.00,3,925.00
120,35,1260,"Milk Bikis Cream Biscuits",120,gms,20.00,19.00,2,18.00,1.00,5,38.00
121,35,1260,"Milk Bikis Cream Biscuits",200,gms,40.00,38.00,2,18.00,2.00,5,76.00
122,35,1261,"Milk Bikis",80,gms,10.00,10.00,1,18.00,0.00,0,10.00
123,36,59,"Bajaj Almond Hair Oil",100,ml,65.00,62.00,1,18.00,3.00,5,62.00
124,37,1730,"AASHIRWAAD ATTA WITH MULTIGRAINS",1,kg,64.00,62.00,1,5.00,2.00,3,62.00
125,37,1730,"AASHIRWAAD ATTA WITH MULTIGRAINS",10,kg,570.00,542.00,1,5.00,28.00,5,542.00
126,37,1,"Colgate strong Teeth Tooth Paste",200,gms,98.00,93.00,1,18.00,5.00,5,93.00
127,37,1,"Colgate strong Teeth Tooth Paste",300,gms,147.00,140.00,1,18.00,7.00,5,140.00
128,37,1500,"Sunfeast yippee noodles 4 in 1 pack",280,gms,78.00,75.00,1,12.00,3.00,4,75.00
129,37,1501,"Sunfeast yippee mood masala noodles 4 in 1 pack",280,gms,58.00,56.00,1,12.00,2.00,3,56.00
130,37,1502,"Sunfeast yippee Magic Masala noodles 6 in 1 pack",420,gms,68.00,66.00,1,12.00,2.00,3,66.00
131,37,1503,"Sunfeast yippee Magic Masala noodles 4 in 1 pack",280,gms,46.00,44.00,7,12.00,2.00,4,308.00
132,38,1730,"AASHIRWAAD ATTA WITH MULTIGRAINS",1,kg,64.00,62.00,1,5.00,2.00,3,62.00
133,38,1730,"AASHIRWAAD ATTA WITH MULTIGRAINS",5,kg,310.00,280.00,5,5.00,30.00,10,1400.00
134,38,1260,"Milk Bikis Cream Biscuits",120,gms,20.00,19.00,1,18.00,1.00,5,19.00
135,38,1260,"Milk Bikis Cream Biscuits",200,gms,40.00,38.00,1,18.00,2.00,5,38.00
136,38,1186,"Amulya Dairy Whitner",200,gms,85.00,81.00,1,12.00,4.00,5,81.00
137,38,1186,"Amulya Dairy Whitner",500,gms,212.00,200.00,1,12.00,12.00,6,200.00
138,38,1187,"Nestle EveryDay Dairy Whitner",200,gms,104.00,100.00,1,12.00,4.00,4,100.00
139,38,701,"Surf excel easy wash",1,kg,124.00,120.00,1,18.00,4.00,3,120.00
140,38,701,"Surf excel easy wash",2,kg,177.00,170.00,1,18.00,7.00,4,170.00
141,38,1,"Colgate strong Teeth Tooth Paste",100,gms,52.00,50.00,1,18.00,2.00,4,50.00
142,38,1,"Colgate strong Teeth Tooth Paste",200,gms,98.00,93.00,1,18.00,5.00,5,93.00
143,39,1730,"AASHIRWAAD ATTA WITH MULTIGRAINS",1,kg,64.00,62.00,4,5.00,2.00,3,248.00
144,40,1140,"3 ROSES Natural Care",100,gms,65.00,63.00,1,5.00,2.00,3,63.00
145,40,766,"Citrus Plus dish bar",200,gms,10.00,9.00,1,18.00,1.00,10,9.00
146,40,1500,"Sunfeast yippee noodles 4 in 1 pack",280,gms,78.00,75.00,1,12.00,3.00,4,75.00
147,40,1502,"Sunfeast yippee Magic Masala noodles 6 in 1 pack",420,gms,68.00,66.00,1,12.00,2.00,3,66.00
148,40,1186,"Amulya Dairy Whitner",200,gms,85.00,81.00,1,12.00,4.00,5,81.00
149,41,1730,"AASHIRWAAD ATTA WITH MULTIGRAINS",1,kg,64.00,62.00,1,5.00,2.00,3,62.00
150,41,1730,"AASHIRWAAD ATTA WITH MULTIGRAINS",10,kg,570.00,542.00,1,5.00,28.00,5,542.00
151,41,1,"Colgate strong Teeth Tooth Paste",300,gms,147.00,140.00,1,18.00,7.00,5,140.00
152,41,1500,"Sunfeast yippee noodles 4 in 1 pack",280,gms,78.00,75.00,1,12.00,3.00,4,75.00
153,41,1502,"Sunfeast yippee Magic Masala noodles 6 in 1 pack",420,gms,68.00,66.00,1,12.00,2.00,3,66.00
154,41,1501,"Sunfeast yippee mood masala noodles 4 in 1 pack",280,gms,58.00,56.00,1,12.00,2.00,3,56.00
155,41,1503,"Sunfeast yippee Magic Masala noodles 4 in 1 pack",280,gms,46.00,44.00,1,12.00,2.00,4,44.00
156,41,1,"Colgate strong Teeth Tooth Paste",200,gms,98.00,93.00,1,18.00,5.00,5,93.00
157,42,1730,"AASHIRWAAD ATTA WITH MULTIGRAINS",1,kg,64.00,62.00,1,5.00,2.00,3,62.00
158,42,1730,"AASHIRWAAD ATTA WITH MULTIGRAINS",10,kg,570.00,542.00,1,5.00,28.00,5,542.00
159,42,1,"Colgate strong Teeth Tooth Paste",200,gms,98.00,93.00,1,18.00,5.00,5,93.00
160,42,1,"Colgate strong Teeth Tooth Paste",300,gms,147.00,140.00,1,18.00,7.00,5,140.00
161,42,1500,"Sunfeast yippee noodles 4 in 1 pack",280,gms,78.00,75.00,1,12.00,3.00,4,75.00
162,42,1501,"Sunfeast yippee mood masala noodles 4 in 1 pack",280,gms,58.00,56.00,1,12.00,2.00,3,56.00
163,42,1502,"Sunfeast yippee Magic Masala noodles 6 in 1 pack",420,gms,68.00,66.00,1,12.00,2.00,3,66.00
164,42,1503,"Sunfeast yippee Magic Masala noodles 4 in 1 pack",280,gms,46.00,44.00,1,12.00,2.00,4,44.00
165,43,1731,"AASHIRWAAD SUPERIOR MP ATTA ",2,kg,109.00,100.00,2,5.00,9.00,8,200.00
166,43,1731,"AASHIRWAAD SUPERIOR MP ATTA ",5,kg,270.00,230.00,1,5.00,40.00,15,230.00
167,43,1731,"AASHIRWAAD SUPERIOR MP ATTA ",10,kg,490.00,415.00,1,5.00,75.00,15,415.00
168,43,1732,"AASHIRWAAD SELECT SHARBATI  ATTA ",5,kg,300.00,270.00,1,5.00,30.00,10,270.00
169,44,1745,"SVR Gold Idly Ravva",1,kg,50.00,35.00,3,0.00,15.00,30,105.00
170,44,1741,"VENKATESHWARA RAAGI FLOUR",500,gms,40.00,28.00,4,0.00,12.00,30,112.00
171,44,1740,"VENKATESHWARA CORN FLOOR",500,gms,40.00,28.00,3,0.00,12.00,30,84.00
172,44,59,"Bajaj Almond Hair Oil",200,ml,125.00,119.00,1,18.00,6.00,5,119.00
173,45,440,"Baby powder Himalaya",200,gms,130.00,120.00,2,18.00,10.00,8,240.00
174,45,440,"Baby powder Himalaya",400,gms,200.00,180.00,1,18.00,20.00,10,180.00
175,45,441,"Baby powder Johnson & Johnson",100,gms,75.00,72.00,1,18.00,3.00,4,72.00
176,45,441,"Baby powder Johnson & Johnson",200,gms,135.00,128.00,1,18.00,7.00,5,128.00
177,46,701,"Surf excel easy wash",500,gms,62.00,60.00,1,18.00,2.00,3,60.00
178,46,440,"Baby powder Himalaya",200,gms,130.00,120.00,2,18.00,10.00,8,240.00
179,47,701,"Surf excel easy wash",500,gms,62.00,60.00,1,18.00,2.00,3,60.00
180,47,440,"Baby powder Himalaya",200,gms,130.00,120.00,2,18.00,10.00,8,240.00
181,48,1140,"3 ROSES Natural Care",100,gms,65.00,63.00,1,5.00,2.00,3,63.00
182,48,1140,"3 ROSES Natural Care",250,gms,180.00,175.00,1,5.00,5.00,3,175.00
183,48,1140,"3 ROSES Natural Care",500,gms,340.00,322.00,1,5.00,18.00,5,322.00
184,48,1141,"3 ROSES Natural Care with 5 Ingredients",100,gms,80.00,77.00,1,5.00,3.00,4,77.00
185,48,1143,"Red Label TEA",100,gms,45.00,43.00,1,5.00,2.00,4,43.00
186,49,440,"Baby powder Himalaya",200,gms,130.00,120.00,1,18.00,10.00,8,120.00
187,49,440,"Baby powder Himalaya",400,gms,200.00,180.00,1,18.00,20.00,10,180.00
188,49,442,"Baby powder Blossoms",200,gms,145.00,138.00,1,18.00,7.00,5,138.00
189,49,443,"Baby hair oil",200,ml,220.00,210.00,1,18.00,10.00,5,210.00
190,49,443,"Baby hair oil",100,ml,100.00,90.00,1,18.00,10.00,10,90.00
191,49,445,"Baby oil With Viamin E",50,ml,110.00,105.00,1,18.00,5.00,5,105.00
192,49,445,"Baby oil With Viamin E",200,ml,195.00,180.00,1,18.00,15.00,8,180.00
193,49,446,"Baby Hair Oil  Johnson & Johnson",60,ml,55.00,53.00,1,18.00,2.00,4,53.00
194,49,447,"Baby Massage Oil of Dabur",200,ml,175.00,166.00,1,18.00,9.00,5,166.00
195,50,701,"Surf excel easy wash",500,gms,62.00,60.00,1,18.00,2.00,3,60.00
196,50,701,"Surf excel easy wash",1,kg,124.00,120.00,1,18.00,4.00,3,120.00
197,50,701,"Surf excel easy wash",2,kg,177.00,170.00,1,18.00,7.00,4,170.00
198,50,701,"Surf excel easy wash",5,kg,480.00,456.00,1,18.00,24.00,5,456.00
199,51,1366,"Haldiram Cornflakes Mixture Snacks",150,gms,55.00,51.00,1,18.00,4.00,7,51.00
200,52,1170,Sprite,250,ml,20.00,19.00,1,12.00,1.00,5,19.00
201,52,1170,Sprite,2.25,l,90.00,90.00,1,12.00,0.00,0,90.00
202,52,1171,Thumsup,2.25,l,95.00,95.00,1,12.00,0.00,0,95.00
203,52,1172,"Coco Cola",250,ml,20.00,18.00,1,12.00,2.00,10,18.00
204,53,1170,Sprite,250,ml,20.00,19.00,1,12.00,1.00,5,19.00
205,53,1170,Sprite,2.25,l,90.00,90.00,1,12.00,0.00,0,90.00
206,53,1171,Thumsup,2.25,l,95.00,95.00,1,12.00,0.00,0,95.00
207,53,1172,"Coco Cola",250,ml,20.00,18.00,1,12.00,2.00,10,18.00
208,54,1681,"Ruchi Gold Pamolein Oil",1,l,138.00,115.00,1,12.00,23.00,17,115.00
209,54,1682,"Freedom Sunflower Oil",1,l,195.00,165.00,1,12.00,30.00,15,165.00
210,55,1681,"Ruchi Gold Pamolein Oil",1,l,138.00,115.00,1,12.00,23.00,17,115.00
211,55,1682,"Freedom Sunflower Oil",1,l,195.00,165.00,1,12.00,30.00,15,165.00
212,56,1681,"Ruchi Gold Pamolein Oil",1,l,138.00,115.00,1,12.00,23.00,17,115.00
213,56,1682,"Freedom Sunflower Oil",1,l,195.00,165.00,1,12.00,30.00,15,165.00
214,57,1730,"AASHIRWAAD ATTA WITH MULTIGRAINS",1,kg,64.00,62.00,2,5.00,2.00,3,124.00
215,57,1730,"AASHIRWAAD ATTA WITH MULTIGRAINS",5,kg,310.00,280.00,1,5.00,30.00,10,280.00
216,57,1730,"AASHIRWAAD ATTA WITH MULTIGRAINS",10,kg,570.00,542.00,1,5.00,28.00,5,542.00
217,57,1555,OATS,200,gms,42.00,40.00,1,5.00,2.00,5,40.00
218,57,1555,OATS,400,gms,77.00,73.00,1,5.00,4.00,5,73.00
219,57,1555,OATS,600,gms,114.00,108.00,1,5.00,6.00,5,108.00
220,57,1556,"Lion Australina OATS",200,gms,44.00,41.00,1,5.00,3.00,7,41.00
221,57,1186,"Amulya Dairy Whitner",200,gms,85.00,81.00,1,12.00,4.00,5,81.00
222,57,1187,"Nestle EveryDay Dairy Whitner",200,gms,104.00,100.00,1,12.00,4.00,4,100.00
223,57,1187,"Nestle EveryDay Dairy Whitner",400,gms,200.00,190.00,1,12.00,10.00,5,190.00
224,57,701,"Surf excel easy wash",500,gms,62.00,60.00,1,18.00,2.00,3,60.00
225,57,701,"Surf excel easy wash",1,kg,124.00,120.00,1,18.00,4.00,3,120.00
226,57,701,"Surf excel easy wash",2,kg,177.00,170.00,1,18.00,7.00,4,170.00
233,59,1730,"AASHIRWAAD ATTA WITH MULTIGRAINS",1,kg,64.00,62.00,1,5.00,2.00,3,62.00
234,59,1260,"Milk Bikis Cream Biscuits",120,gms,20.00,19.00,1,18.00,1.00,5,19.00
235,59,1186,"Amulya Dairy Whitner",200,gms,85.00,81.00,1,12.00,4.00,5,81.00
236,60,1730,"AASHIRWAAD ATTA WITH MULTIGRAINS",1,kg,64.00,62.00,1,5.00,2.00,3,62.00
237,69,1730,"AASHIRWAAD ATTA WITH MULTIGRAINS",1,kg,64.00,62.00,7,5.00,2.00,3,434.00
238,69,1730,"AASHIRWAAD ATTA WITH MULTIGRAINS",5,kg,310.00,280.00,4,5.00,30.00,10,1120.00
239,69,1730,"AASHIRWAAD ATTA WITH MULTIGRAINS",10,kg,570.00,542.00,1,5.00,28.00,5,542.00
240,69,1731,"AASHIRWAAD SUPERIOR MP ATTA ",1,kg,57.00,50.00,1,5.00,7.00,12,50.00
241,69,1731,"AASHIRWAAD SUPERIOR MP ATTA ",2,kg,109.00,100.00,1,5.00,9.00,8,100.00
242,69,1731,"AASHIRWAAD SUPERIOR MP ATTA ",5,kg,270.00,230.00,1,5.00,40.00,15,230.00
243,69,1731,"AASHIRWAAD SUPERIOR MP ATTA ",10,kg,490.00,415.00,1,5.00,75.00,15,415.00
244,69,1732,"AASHIRWAAD SELECT SHARBATI  ATTA ",1,kg,62.00,60.00,1,5.00,2.00,3,60.00
245,69,1732,"AASHIRWAAD SELECT SHARBATI  ATTA ",5,kg,300.00,270.00,1,5.00,30.00,10,270.00
246,69,1733,"ANNAPURNA  FARM FRESH ATTA",1,kg,55.00,50.00,1,5.00,5.00,9,50.00
247,69,1733,"ANNAPURNA  FARM FRESH ATTA",5,kg,270.00,230.00,1,5.00,40.00,15,230.00
248,69,1734,"PATANJALI ATTA (WITH BRAN) WHEAT FLOUR",1,kg,48.00,48.00,1,5.00,0.00,0,48.00
249,70,1730,"AASHIRWAAD ATTA WITH MULTIGRAINS",1,kg,64.00,62.00,1,5.00,2.00,3,62.00
250,71,1260,"Milk Bikis Cream Biscuits",200,gms,40.00,38.00,1,18.00,2.00,5,38.00
251,74,440,"Baby powder Himalaya",200,gms,130.00,120.00,1,18.00,10.00,8,120.00
252,74,701,"Surf excel easy wash",500,gms,62.00,60.00,1,18.00,2.00,3,60.00
253,75,1730,"AASHIRWAAD ATTA WITH MULTIGRAINS",1,kg,64.00,62.00,7,5.00,2.00,3,434.00
254,76,1,"Colgate strong Teeth Tooth Paste",100,gms,52.00,50.00,1,18.00,2.00,4,50.00
255,76,1173,"Maaza Bottle",150,ml,10.00,10.00,1,12.00,0.00,0,10.00
256,77,1758,"Aswika Masoor Thoor Dal",500,gms,50.00,42.00,1,0.00,8.00,16,42.00
257,78,1758,"Aswika Masoor Thoor Dal",500,gms,50.00,42.00,1,0.00,8.00,16,42.00
258,79,1730,"AASHIRWAAD ATTA WITH MULTIGRAINS",5,kg,310.00,280.00,1,5.00,30.00,10,280.00
259,80,1617,"Bingo Potato Chips Chilli Sprinkled",24.5,gms,10.00,10.00,2,1.00,0.00,0,20.00
260,81,1730,"AASHIRWAAD ATTA WITH MULTIGRAINS",1,kg,64.00,62.00,1,5.00,2.00,3,62.00
261,81,1914,"Alpenliebe Gold Chocolates Packet",185,gms,50.00,45.00,1,18.00,5.00,10,45.00
262,81,1186,"Amulya Dairy Whitner",200,gms,85.00,81.00,1,12.00,4.00,5,81.00
263,81,1205,"Amul Tru Orange",180,ml,10.00,10.00,1,12.00,0.00,0,10.00
264,82,1730,"AASHIRWAAD ATTA WITH MULTIGRAINS",1,kg,64.00,62.00,2,5.00,2.00,3,124.00
265,83,1707,"ASWIKAR BASMATI RICE",1,kg,100.00,75.00,2,5.00,25.00,25,150.00
266,84,395,"Garnier Color naturals creme riche 3.16 Burgudy","70 ml +60 gms","ml + gms",180.00,71.00,1,18.00,109.00,61,71.00
267,84,963,"Cotton Thread Big",1,pc,25.00,10.00,1,0.00,15.00,60,10.00
268,84,875,"Siyara light Broom",1,pc,323.00,150.00,1,18.00,173.00,54,150.00
269,85,1730,"AASHIRWAAD ATTA WITH MULTIGRAINS",1,kg,64.00,62.00,1,5.00,2.00,3,62.00
270,85,1736,"ASWIKA CHAKKI ATTA ",500,gms,20.00,18.00,1,0.00,2.00,10,18.00
271,85,1789,"Red Chilli Powder",500,gms,65.00,63.00,1,5.00,2.00,3,63.00
272,85,1795,"Aashirvaad Red & Hot Chilli Powder",500,gms,180.00,110.00,1,5.00,70.00,39,110.00
273,85,1342,"Coffe Joy Biscuit",2*45,gms,90.00,85.00,1,18.00,5.00,6,85.00
274,85,1345,"Sari Gandum",115,gms,50.00,45.00,1,1.00,5.00,10,45.00
275,85,430,"Baby milk Soap",75,gms,55.00,52.00,1,18.00,3.00,5,52.00
276,85,438,"Baby Santoor Soap",75,gms,48.00,46.00,1,18.00,2.00,4,46.00
277,85,439,"Baby soap mysore sandal",75,gms,40.00,38.00,1,18.00,2.00,5,38.00
278,85,194,"Lotus Herbals body lotion  Almond nourish",250,ml,270.00,256.00,1,18.00,14.00,5,256.00
279,85,1161,"Bru instant",50,gms,70.00,68.00,1,5.00,2.00,3,68.00
280,85,1144,"Red Label Natural Care",500,gms,295.00,280.00,1,5.00,15.00,5,280.00
281,86,1758,"Aswika Masoor Thoor Dal",500,gms,50.00,42.00,1,0.00,8.00,16,42.00
282,86,1759,"Aswika Moong Dal",1,kg,140.00,120.00,2,0.00,20.00,14,240.00
283,86,395,"Garnier Color naturals creme riche 3.16 Burgudy","70 ml +60 gms","ml + gms",180.00,71.00,8,18.00,109.00,61,568.00
284,86,962,"Srisailam Deepam Flower Wicks/ Vattulu",50,pc,20.00,10.00,1,0.00,10.00,50,10.00
285,86,1657,"ASWIKA SUNFLOWER SEEDS",100,gms,80.00,40.00,1,12.00,40.00,50,40.00
286,86,765,"Expert Double Action Formul",300,gms,20.00,20.00,1,18.00,0.00,0,20.00
287,86,792,"Utensil lemon dishwash gel bottle",200,ml,55.00,52.00,1,18.00,3.00,5,52.00
288,86,785,"Pril Lime Grease Fighter liquid  dish wash bottle",750,ml,160.00,150.00,2,18.00,10.00,6,300.00
289,87,383,"Banjaras Hair Care Powder Hibiscus + Henna ","50gms (10gms *5)",gms,65.00,60.00,2,18.00,5.00,8,120.00
290,88,228,"Banjaraa's Face wash With Sandal",100,ml,110.00,103.00,2,18.00,7.00,6,206.00
291,89,1778,"Aswika Ulavalu",1,kg,90.00,60.00,1,0.00,30.00,33,60.00
292,89,1779,"Aswik Til white",250,gms,45.00,35.00,1,0.00,10.00,22,35.00
293,89,1779,"Aswik Til white",500,gms,90.00,70.00,1,0.00,20.00,22,70.00
294,89,1730,"AASHIRWAAD ATTA WITH MULTIGRAINS",10,kg,570.00,542.00,1,5.00,28.00,5,542.00
295,89,1731,"AASHIRWAAD SUPERIOR MP ATTA ",1,kg,57.00,50.00,1,5.00,7.00,12,50.00
296,89,1731,"AASHIRWAAD SUPERIOR MP ATTA ",2,kg,109.00,100.00,1,5.00,9.00,8,100.00
297,90,1191,"Amul Fresh Cream",250,ml,63.00,62.00,1,12.00,1.00,2,62.00
298,90,1756,"Aswika Soya Beans Red",500,gms,50.00,48.00,1,0.00,2.00,4,48.00
299,90,1757,"Aswika Mil Maker",500,gms,50.00,40.00,1,0.00,10.00,20,40.00
300,90,1757,"Aswika Mil Maker",250,gms,25.00,18.00,1,0.00,7.00,28,18.00
301,90,1756,"Aswika Soya Beans Red",1,kg,100.00,95.00,1,0.00,5.00,5,95.00
302,91,1464,"Tirumala Non Fruit Vinegar",700,gms,60.00,40.00,3,18.00,20.00,33,120.00
303,91,395,"Garnier Color naturals creme riche 3.16 Burgudy","70 ml +60 gms","ml + gms",180.00,71.00,3,18.00,109.00,61,213.00
304,91,1730,"AASHIRWAAD ATTA WITH MULTIGRAINS",1,kg,64.00,62.00,4,5.00,2.00,3,248.00
305,92,1730,"AASHIRWAAD ATTA WITH MULTIGRAINS",1,kg,64.00,62.00,5,5.00,2.00,3,310.00
306,92,395,"Garnier Color naturals creme riche 3.16 Burgudy","70 ml +60 gms","ml + gms",180.00,71.00,2,18.00,109.00,61,142.00
307,93,1730,"AASHIRWAAD ATTA WITH MULTIGRAINS",1,kg,64.00,62.00,4,5.00,2.00,3,248.00
308,94,1730,"AASHIRWAAD ATTA WITH MULTIGRAINS",1,kg,64.00,62.00,2,5.00,2.00,3,124.00
309,95,71,"Aswini Hair Oil",45,ml,40.00,38.00,1,18.00,2.00,5,38.00
310,96,1730,"AASHIRWAAD ATTA WITH MULTIGRAINS",1,kg,64.00,62.00,1,5.00,2.00,3,62.00
311,97,1260,"Milk Bikis Cream Biscuits",120,gms,20.00,19.00,1,18.00,1.00,5,19.00
312,97,1260,"Milk Bikis Cream Biscuits",200,gms,40.00,38.00,1,18.00,2.00,5,38.00
313,98,1347,"Britannia Cake Gobbles Choco Chill",55,gms,15.00,14.00,1,18.00,1.00,7,14.00
314,98,1346,"Britannia Cake Gobbles",55,gms,15.00,14.00,1,18.00,1.00,7,14.00
315,99,1681,"Ruchi Gold Pamolein Oil",1,l,158.00,137.00,2,12.00,21.00,13,274.00
316,99,1682,"Freedom Sunflower Oil",1,l,195.00,170.00,2,12.00,25.00,13,340.00
317,99,1683,"Freedom Groundnut Oil",1,l,200.00,170.00,1,12.00,30.00,15,170.00
318,99,1684,"Saffola  Tasty Oil",1,l,178.00,177.00,2,12.00,1.00,1,354.00
319,99,1700,"Oleev Active  Oil (Bottle)",5,l,995.00,945.00,1,12.00,50.00,5,945.00
320,99,827,"Lia Car gel Fruit Brust",45,gms,375.00,350.00,1,18.00,25.00,7,350.00
321,100,1730,"AASHIRWAAD ATTA WITH MULTIGRAINS",1,kg,64.00,62.00,1,5.00,2.00,3,62.00
322,100,1730,"AASHIRWAAD ATTA WITH MULTIGRAINS",5,kg,310.00,280.00,1,5.00,30.00,10,280.00
323,100,1758,"Aswika Masoor Thoor Dal",500,gms,50.00,42.00,1,0.00,8.00,16,42.00
324,100,1759,"Aswika Moong Dal",500,gms,70.00,60.00,1,0.00,10.00,14,60.00
325,100,1762,"Aswika Chana Dal",1,kg,115.00,80.00,1,0.00,35.00,30,80.00
326,100,1764,"Aswika Pesalu ( moong)",1,kg,150.00,105.00,1,0.00,45.00,30,105.00
327,100,1766,"Aswika Urad Dal",1,kg,160.00,130.00,1,0.00,30.00,19,130.00
328,100,1767,"Aswika Urad Dal Black Broken",1,kg,150.00,120.00,1,0.00,30.00,20,120.00
329,100,1771,"Aswika Bobbarlu ",500,gms,50.00,43.00,1,0.00,7.00,14,43.00
330,100,1774,"Aswika Brown Rajma",500,gms,70.00,55.00,1,0.00,15.00,21,55.00
331,100,1778,"Aswika Ulavalu",500,gms,45.00,30.00,1,0.00,15.00,33,30.00
332,100,1780,"Aswika Til black",100,gms,40.00,25.00,1,0.00,15.00,38,25.00
333,100,1781,"Aswika Sajjalu",500,gms,21.00,15.00,1,0.00,6.00,29,15.00
334,100,1782,"Aswika Ragulu",1,kg,50.00,36.00,1,0.00,14.00,28,36.00
335,100,1784,"Aswika Yellow Jowar",500,gms,33.00,24.00,1,0.00,9.00,27,24.00
336,100,1786,"Aswika Kabuli Chana",500,gms,70.00,60.00,1,5.00,10.00,14,60.00
337,100,1707,"ASWIKAR BASMATI RICE",1,kg,100.00,75.00,1,5.00,25.00,25,75.00
338,100,1714,"DAAWAT TRADITIONAL Basmati Rice",1,kg,210.00,180.00,1,5.00,30.00,14,180.00
339,100,1727,"Aswika Paper cold Pressed Rice",500,gms,30.00,25.00,1,5.00,5.00,17,25.00
340,100,1727,"Aswika Paper cold Pressed Rice",1,kg,60.00,50.00,1,5.00,10.00,17,50.00
341,100,1697,"Rajani Gold Palmolein Oil",1,l,158.00,137.00,1,12.00,21.00,13,137.00
342,100,1702,"Freedom Refined Sunflower Oil  Jar",5,l,950.00,900.00,1,12.00,50.00,5,900.00
343,100,1702,"Freedom Refined Sunflower Oil  Jar","15 L",l,2770.00,2631.00,1,12.00,139.00,5,2631.00
344,100,1704,"Gold Drop Refined Sunflower Oil Jar","15 L",l,2675.00,2541.00,1,12.00,134.00,5,2541.00
345,100,1793,"Priya Chilli Powder",500,gms,150.00,110.00,1,5.00,40.00,27,110.00
346,100,1799,"Swastik Haldi/Turmeric Powder",500,gms,165.00,110.00,1,5.00,55.00,33,110.00
347,100,1807,"Priya Corinader Powder",500,gms,135.00,80.00,1,5.00,55.00,41,80.00
348,100,1809,"Aswika Dhania ",500,gms,100.00,70.00,1,5.00,30.00,30,70.00
349,100,1812,"Aswika Fenugreek / Menthulu ",250,gms,38.00,25.00,1,5.00,13.00,34,25.00
350,100,1814,"Aswika Mustard Seeds Big",500,gms,80.00,50.00,1,5.00,30.00,38,50.00
351,100,1816,"Aswika Shajeera",100,gms,100.00,65.00,1,5.00,35.00,35,65.00
352,100,1817,"Aswika Sabji",250,gms,100.00,70.00,1,5.00,30.00,30,70.00
353,100,1820,"Aswika Anasa Puvvu",50,gms,70.00,40.00,1,5.00,30.00,43,40.00
354,100,1821,"Aswika Dalchina Chekka",50,gms,30.00,25.00,1,5.00,5.00,17,25.00
355,100,1822,"Aswika Jaggikaya",50,gms,70.00,50.00,1,5.00,20.00,29,50.00
356,100,1823,"Aswika Black Jeera",100,gms,45.00,30.00,1,5.00,15.00,33,30.00
357,100,1825,"Aswika Black Pepper",50,gms,45.00,40.00,1,5.00,5.00,11,40.00
358,100,1826,"Aswika Elachi",20,gms,100.00,68.00,1,5.00,32.00,32,68.00
359,100,1828,"Aswika Tasting Salt",25,gms,10.00,10.00,1,0.00,0.00,0,10.00
360,100,1829,"Aswika Birayni Leaves",250,gms,40.00,20.00,1,0.00,20.00,50,20.00
361,100,1834,"Aswika Clove / Lavanga",50,gms,50.00,40.00,1,5.00,10.00,20,40.00
362,100,1835,"Aswika Vaamu",50,gms,15.00,11.00,1,5.00,4.00,27,11.00
363,100,1660,"TATA Salt Soium curtained Iodised Salt",1,kg,40.00,38.00,1,5.00,2.00,5,38.00
364,100,1665,"Aswika Sugar",500,gms,25.00,20.00,1,5.00,5.00,20,20.00
365,100,1665,"Aswika Sugar",1,kg,50.00,40.00,1,5.00,10.00,20,40.00
366,100,1665,"Aswika Sugar",5,kg,250.00,200.00,1,5.00,50.00,20,200.00
367,100,1677," Jaggery Round",500,gms,40.00,30.00,1,5.00,10.00,25,30.00
368,100,1678," Jaggery Chakka",500,gms,43.00,33.00,1,5.00,10.00,23,33.00
369,100,1756,"Aswika Soya Beans Red",500,gms,50.00,48.00,1,0.00,2.00,4,48.00
370,100,1757,"Aswika Mil Maker",500,gms,50.00,40.00,1,0.00,10.00,20,40.00
371,100,1640,"Lion Qyno Dates",250,gms,110.00,105.00,1,5.00,5.00,5,105.00
372,100,1640,"Lion Qyno Dates",500,gms,210.00,199.00,1,5.00,11.00,5,199.00
373,100,1641,"Lion Qyno Deseeded Dates",200,gms,60.00,57.00,1,5.00,3.00,5,57.00
374,100,1260,"Milk Bikis Cream Biscuits",120,gms,20.00,19.00,1,18.00,1.00,5,19.00
375,100,1263,"Btiannia bour bon",60,gms,10.00,10.00,1,18.00,0.00,0,10.00
376,100,1500,"Sunfeast yippee noodles 4 in 1 pack",280,gms,78.00,75.00,1,12.00,3.00,4,75.00
377,100,1504,"Sunfeast yippee Magic Masala noodles ",70,gms,12.00,12.00,1,12.00,0.00,0,12.00
378,100,1508,"Maggi  2minutes noodles",140,gms,24.00,23.00,1,12.00,1.00,4,23.00
379,100,1508,"Maggi  2minutes noodles",280,gms,46.00,44.00,1,12.00,2.00,4,44.00
380,100,1555,OATS,200,gms,42.00,40.00,1,5.00,2.00,5,40.00
381,100,1555,OATS,400,gms,77.00,73.00,1,5.00,4.00,5,73.00
382,100,1616,"Bingo Mad Angles  Tomato Flavour",36.5,gms,10.00,10.00,1,1.00,0.00,0,10.00
383,100,1914,"Alpenliebe Gold Chocolates Packet",185,gms,50.00,45.00,1,18.00,5.00,10,45.00
384,100,1565,"MALABAR PAROTA 5 pcs",400,gms,75.00,71.00,1,5.00,4.00,5,71.00
385,100,1777,"Aswika Peanuts Green",500,gms,115.00,106.00,1,0.00,9.00,8,106.00
386,100,1464,"Tirumala Non Fruit Vinegar",700,gms,60.00,40.00,1,18.00,20.00,33,40.00
387,100,1591,"Haldiram's Soan Papdi",250,gms,65.00,61.00,1,1.00,4.00,6,61.00
388,100,1415,"Idly & Dosa Batter",1,kg,75.00,70.00,1,5.00,5.00,7,70.00
389,100,1186,"Amulya Dairy Whitner",200,gms,85.00,81.00,1,12.00,4.00,5,81.00
390,100,1346,"Britannia Cake Gobbles",55,gms,15.00,14.00,1,18.00,1.00,7,14.00
391,100,1378,"Spencer's Milk Bread",400,gms,40.00,38.00,1,5.00,2.00,5,38.00
392,100,1381,"Spencer'sGolden Crust  Milk Bread",400,gms,40.00,38.00,1,5.00,2.00,5,38.00
393,100,1325,"Unibic Daily Digestive Oatmeal Cookies",52.5,gms,10.00,10.00,1,18.00,0.00,0,10.00
394,100,1334,"Karachi Biscuits Fruit (Pure Vegeterian)",400,gms,140.00,133.00,1,18.00,7.00,5,133.00
395,100,1397,"Amul cheese Spread yummy Plan",200,gms,85.00,80.00,1,5.00,5.00,6,80.00
396,100,1382,"GRB Ghee",100,ml,78.00,75.00,1,12.00,3.00,4,75.00
397,100,701,"Surf excel easy wash",500,gms,62.00,60.00,1,18.00,2.00,3,60.00
398,100,765,"Expert Double Action Formul",300,gms,20.00,20.00,1,18.00,0.00,0,20.00
399,100,793,"Mr. Muscle Kitchen & Floor Cleaner",500,ml,130.00,120.00,1,18.00,10.00,8,120.00
400,100,824,"Glade gel Lemon Fresh",70,gms,80.00,75.00,1,18.00,5.00,6,75.00
401,100,868,"Scotch Brite Scrub Pad",1,pc,10.00,10.00,1,18.00,0.00,0,10.00
402,100,881,"Duracel Chhota power ",1,pc,18.00,16.00,1,18.00,2.00,11,16.00
403,100,883,"Ambica Darbar Pooja Agarbatti",28,gms,20.00,18.00,1,5.00,2.00,10,18.00
404,100,859,"cherry liqiud shoe polish brown",75,ml,85.00,82.00,1,18.00,3.00,4,82.00
405,100,1586,"Baygon Cockroach Killer",400,ml,182.00,172.00,1,1.00,10.00,5,172.00
406,100,59,"Bajaj Almond Hair Oil",50,ml,35.00,34.00,1,18.00,1.00,3,34.00
407,100,1,"Colgate strong Teeth Tooth Paste",100,gms,52.00,50.00,1,18.00,2.00,4,50.00
408,100,193,"Lotus Herbals body lotion  Aloe Soft",250,ml,250.00,237.00,1,18.00,13.00,5,237.00
409,101,1378,"Spencer's Milk Bread",400,gms,40.00,38.00,1,5.00,2.00,5,38.00
410,101,701,"Surf excel easy wash",1,kg,124.00,120.00,1,18.00,4.00,3,120.00
411,101,715,"Rin bar",4*250,gms,56.00,54.00,1,18.00,2.00,4,54.00
412,101,881,"Duracel Chhota power ",1,pc,18.00,16.00,1,18.00,2.00,11,16.00
413,101,1591,"Haldiram's Soan Papdi",250,gms,65.00,61.00,1,1.00,4.00,6,61.00
414,101,1592,"Haldiram's Rasgulla Indian Sweets",500,gms,100.00,95.00,1,1.00,5.00,5,95.00
415,101,1594,"Haldiram's Goal Kachauri",350,gms,85.00,80.00,1,1.00,5.00,6,80.00
416,101,1608,"Amul Rasogolla Indian Sweets",500,gms,95.00,90.00,1,1.00,5.00,5,90.00
417,101,1616,"Bingo Mad Angles  Tomato Flavour",36.5,gms,10.00,10.00,1,1.00,0.00,0,10.00
418,101,1618,"Bingo Potato Chips SALT Sprinkled",24.5,gms,10.00,10.00,1,1.00,0.00,0,10.00
419,101,1622,"Kurkure Masala Munch",158,gms,35.00,32.00,1,5.00,3.00,9,32.00
420,101,1757,"Aswika Mil Maker",250,gms,25.00,18.00,1,0.00,7.00,28,18.00
421,102,1730,"AASHIRWAAD ATTA WITH MULTIGRAINS",1,kg,64.00,62.00,1,5.00,2.00,3,62.00
422,102,1749,"Aswika Kesari Ravva",1,kg,45.00,40.00,1,0.00,5.00,11,40.00
423,102,1758,"Aswika Masoor Thoor Dal",500,gms,50.00,42.00,1,0.00,8.00,16,42.00
424,102,1759,"Aswika Moong Dal",1,kg,140.00,120.00,1,0.00,20.00,14,120.00
425,102,1706,"ASWIKA BASMATI RICE",1,kg,150.00,100.00,1,5.00,50.00,33,100.00
426,102,1684,"Saffola  Tasty Oil",1,l,178.00,177.00,3,12.00,1.00,1,531.00
427,102,1790,"Everest Tikhalala Hot & Red Chilli Powder",500,gms,210.00,185.00,2,5.00,25.00,12,370.00
428,102,1661,"TATA Crystal Salt",1,kg,18.00,15.00,1,5.00,3.00,17,15.00
429,102,1665,"Aswika Sugar",1,kg,50.00,40.00,1,5.00,10.00,20,40.00
430,102,1757,"Aswika Mil Maker",500,gms,50.00,40.00,1,0.00,10.00,20,40.00
431,102,1653,"ASWIKA YELLOW RAISINS",100,gms,45.00,35.00,1,12.00,10.00,22,35.00
432,102,1657,"ASWIKA SUNFLOWER SEEDS",250,gms,160.00,80.00,1,12.00,80.00,50,80.00
433,102,1654,"ASWIKA BLACK RAISINS",250,gms,125.00,115.00,1,12.00,10.00,8,115.00
434,102,1650,"ASWIKA Salt  Pista Nuts",250,gms,335.00,270.00,1,12.00,65.00,19,270.00
435,103,1500,"Sunfeast yippee noodles 4 in 1 pack",280,gms,78.00,75.00,1,12.00,3.00,4,75.00
436,103,1502,"Sunfeast yippee Magic Masala noodles 6 in 1 pack",420,gms,68.00,66.00,2,12.00,2.00,3,132.00
437,103,1261,"Milk Bikis",200,gms,27.00,26.00,3,18.00,1.00,4,78.00
438,103,1616,"Bingo Mad Angles  Tomato Flavour",36.5,gms,10.00,10.00,4,1.00,0.00,0,40.00
439,103,1582,"Health Sutra Yellow Jowar Flakes",500,gms,60.00,55.00,2,1.00,5.00,8,110.00
440,103,1777,"Aswika Peanuts Green",1,kg,230.00,212.00,1,0.00,18.00,8,212.00
441,103,1465,"Anchor Synthetic Vinegar",180,ml,45.00,40.00,1,18.00,5.00,11,40.00
442,103,1597,"GRB Bombay Halwa",200,gms,130.00,125.00,2,1.00,5.00,4,250.00
443,103,1416,"HARSHEY'S SYRUP GENUNINE CHOCOLATE FLAVOUR",623,gms,200.00,195.00,2,12.00,5.00,3,390.00
444,104,1500,"Sunfeast yippee noodles 4 in 1 pack",280,gms,78.00,75.00,2,12.00,3.00,4,150.00
445,104,1501,"Sunfeast yippee mood masala noodles 4 in 1 pack",280,gms,58.00,56.00,2,12.00,2.00,3,112.00
446,104,1502,"Sunfeast yippee Magic Masala noodles 6 in 1 pack",420,gms,68.00,66.00,2,12.00,2.00,3,132.00
447,104,1503,"Sunfeast yippee Magic Masala noodles 4 in 1 pack",280,gms,46.00,44.00,2,12.00,2.00,4,88.00
448,104,1504,"Sunfeast yippee Magic Masala noodles ",70,gms,12.00,12.00,2,12.00,0.00,0,24.00
449,104,1505,"Sunfeast yippee Cheese Pasta",65,gms,25.00,24.00,2,12.00,1.00,4,48.00
450,106,1260,"Milk Bikis Cream Biscuits",120,gms,20.00,19.00,2,18.00,1.00,5,38.00
451,106,1260,"Milk Bikis Cream Biscuits",200,gms,40.00,38.00,2,18.00,2.00,5,76.00
452,107,1730,"AASHIRWAAD ATTA WITH MULTIGRAINS",1,kg,64.00,62.00,1,5.00,2.00,3,62.00
453,107,1730,"AASHIRWAAD ATTA WITH MULTIGRAINS",5,kg,310.00,280.00,1,5.00,30.00,10,280.00
454,107,1730,"AASHIRWAAD ATTA WITH MULTIGRAINS",10,kg,570.00,542.00,1,5.00,28.00,5,542.00
455,108,1500,"Sunfeast yippee noodles 4 in 1 pack",280,gms,78.00,75.00,1,12.00,3.00,4,75.00
456,109,1730,"AASHIRWAAD ATTA WITH MULTIGRAINS",1,kg,64.00,62.00,1,5.00,2.00,3,62.00
457,110,1730,"AASHIRWAAD ATTA WITH MULTIGRAINS",1,kg,64.00,62.00,3,5.00,2.00,3,186.00
458,111,1261,"Milk Bikis",150,gms,25.00,24.00,1,18.00,1.00,4,24.00
459,112,1665,"Aswika Sugar",500,gms,25.00,20.00,1,5.00,5.00,20,20.00
460,112,1937,"Cadbury Dairy Milk Silk Bubbly",50,gms,80.00,78.00,1,18.00,2.00,3,78.00
461,113,1942,"Cadbury Dairy Milk CHOCOLATE",50,gms,40.00,40.00,1,18.00,0.00,0,40.00
462,114,1731,"AASHIRWAAD SUPERIOR MP ATTA ",5,kg,270.00,220.00,1,5.00,50.00,19,220.00
463,114,1682,"Freedom Sunflower Oil",1,l,195.00,160.00,3,12.00,35.00,18,480.00
464,115,1646,"Aswika Cashew Nuts",500,gms,400.00,375.00,1,12.00,25.00,6,375.00
465,115,1647,"Aswika Cashews Broken (2 pcs) Nuts",50,gms,60.00,35.00,2,12.00,25.00,42,70.00
466,116,1730,"AASHIRWAAD ATTA WITH MULTIGRAINS",1,kg,64.00,60.00,1,5.00,4.00,6,60.00
467,117,1730,"AASHIRWAAD ATTA WITH MULTIGRAINS",1,kg,64.00,60.00,1,5.00,4.00,6,60.00
468,118,1682,"Freedom Sunflower Oil",1,l,195.00,160.00,1,12.00,35.00,18,160.00
469,119,1780,"Aswika Til black",100,gms,40.00,25.00,1,0.00,15.00,38,25.00
470,119,1655,"ASWIKA THARBUJA SEEDS",100,gms,80.00,40.00,1,12.00,40.00,50,40.00
471,119,1657,"ASWIKA SUNFLOWER SEEDS",50,gms,40.00,20.00,1,12.00,20.00,50,20.00
472,119,1761,"Aswikar Thoor Dal Polished",1,kg,140.00,110.00,1,0.00,30.00,21,110.00
473,119,1758,"Aswika Masoor Thoor Dal",500,gms,50.00,42.00,1,0.00,8.00,16,42.00
474,120,1758,"Aswika Masoor Thoor Dal",500,gms,50.00,42.00,1,0.00,8.00,16,42.00
475,120,1764,"Aswika Pesalu ( moong)",1,kg,150.00,105.00,1,0.00,45.00,30,105.00
476,120,1776,"Aswika Peanuts White",500,gms,90.00,65.00,2,0.00,25.00,28,130.00
477,120,1788,"Aswika Red Chilli ",125,gms,35.00,22.00,1,5.00,13.00,37,22.00
478,120,1798,"Surya chilli Powder",100,gms,32.00,20.00,1,5.00,12.00,38,20.00
479,120,1658,"Aashirvaad Iodised Salt",1,kg,20.00,19.00,1,5.00,1.00,5,19.00
480,120,1665,"Aswika Sugar",1,kg,50.00,39.00,1,5.00,11.00,22,39.00
481,120,1678," Jaggery Chakka",1,kg,85.00,65.00,1,5.00,20.00,24,65.00
482,121,1502,"Sunfeast yippee Magic Masala noodles 6 in 1 pack",420,gms,68.00,66.00,1,12.00,2.00,3,66.00
483,121,1503,"Sunfeast yippee Magic Masala noodles 4 in 1 pack",280,gms,46.00,44.00,2,12.00,2.00,4,88.00
484,122,1733,"ANNAPURNA  FARM FRESH ATTA",5,kg,270.00,230.00,1,5.00,40.00,15,230.00
485,122,1730,"AASHIRWAAD ATTA WITH MULTIGRAINS",1,kg,64.00,60.00,1,5.00,4.00,6,60.00
486,123,1723,"GAJRAJ HMT PREMIUM QUALITY RICE",25,kg,1600.00,1100.00,1,5.00,500.00,31,1100.00
487,124,1658,"Aashirvaad Iodised Salt",1,kg,20.00,19.00,1,5.00,1.00,5,19.00
488,124,1788,"Aswika Red Chilli ",125,gms,35.00,22.00,1,5.00,13.00,37,22.00
489,124,1801,"Priya Haldi/Turmeric Powder",100,gms,30.00,20.00,1,5.00,10.00,33,20.00
490,124,1140,"3 ROSES Natural Care",100,gms,65.00,63.00,1,5.00,2.00,3,63.00
491,125,1730,"AASHIRWAAD ATTA WITH MULTIGRAINS",1,kg,64.00,60.00,1,5.00,4.00,6,60.00
492,125,1730,"AASHIRWAAD ATTA WITH MULTIGRAINS",5,kg,310.00,280.00,1,5.00,30.00,10,280.00
493,126,1730,"AASHIRWAAD ATTA WITH MULTIGRAINS",1,kg,64.00,60.00,1,5.00,4.00,6,60.00
494,126,1730,"AASHIRWAAD ATTA WITH MULTIGRAINS",5,kg,310.00,280.00,1,5.00,30.00,10,280.00
495,127,1730,"AASHIRWAAD ATTA WITH MULTIGRAINS",1,kg,64.00,60.00,1,5.00,4.00,6,60.00
496,127,1730,"AASHIRWAAD ATTA WITH MULTIGRAINS",5,kg,310.00,280.00,1,5.00,30.00,10,280.00
497,127,1260,"Milk Bikis Cream Biscuits",120,gms,20.00,19.00,1,18.00,1.00,5,19.00
498,128,1262,"Britannia Tiger Krunch chocochips",43,gms,5.00,5.00,1,18.00,0.00,0,5.00
499,129,1723,"GAJRAJ HMT PREMIUM QUALITY RICE",25,kg,1600.00,1100.00,1,5.00,500.00,31,1100.00
500,130,1690,"Gold Drop Sunflower Oil",1,l,182.00,150.00,3,12.00,32.00,18,450.00
501,130,1737,"ASWIKA POORI ATTA ",500,gms,25.00,16.00,1,0.00,9.00,36,16.00
502,130,1746,"Srilalitha Idly Ravva",1,kg,50.00,38.00,1,0.00,12.00,24,38.00
503,130,1748,"Aswika Bombay Ravva",500,gms,30.00,28.00,1,0.00,2.00,7,28.00
504,130,1749,"Aswika Kesari Ravva",500,gms,25.00,20.00,1,0.00,5.00,20,20.00
505,130,1769,"Double Horse Urad Dal",1,kg,167.00,139.00,1,0.00,28.00,17,139.00
506,130,1786,"Aswika Kabuli Chana",500,gms,70.00,60.00,1,5.00,10.00,14,60.00
507,130,1706,"ASWIKA BASMATI RICE",1,kg,150.00,100.00,1,5.00,50.00,33,100.00
508,130,1729,"ASWKA MARMUR ",1,kg,60.00,35.00,1,5.00,25.00,42,35.00
509,130,1813,"Aswika Mustard Seeds Small",250,gms,34.00,25.00,1,5.00,9.00,26,25.00
510,130,1815,"Aswika Jeera",250,gms,80.00,60.00,1,5.00,20.00,25,60.00
511,130,1819,"Aswika Marati Mogga",50,gms,30.00,20.00,1,5.00,10.00,33,20.00
512,130,1820,"Aswika Anasa Puvvu",25,gms,35.00,20.00,1,5.00,15.00,43,20.00
513,130,1826,"Aswika Elachi",10,gms,50.00,34.00,1,5.00,16.00,32,34.00
514,130,1832,"Aswika Japatri",10,gms,35.00,23.00,1,5.00,12.00,34,23.00
515,130,1834,"Aswika Clove / Lavanga",25,gms,30.00,20.00,1,5.00,10.00,33,20.00
516,130,1843,"Telugu Velluli Karam Podi",100,gms,40.00,38.00,1,5.00,2.00,5,38.00
517,130,1856,"Everest Chicken Masala",50,gms,38.00,35.00,1,5.00,3.00,8,35.00
518,130,1905,"Everest Hingraj Powder",10,gms,20.00,19.00,1,5.00,1.00,5,19.00
519,130,1659,"TATA Iodised Salt",1,kg,21.00,20.00,1,5.00,1.00,5,20.00
520,130,1500,"Sunfeast yippee noodles 4 in 1 pack",280,gms,78.00,75.00,1,12.00,3.00,4,75.00
521,130,34,"Sensodyne Rapid relief Tooth Paste",40,gms,90.00,87.00,1,18.00,3.00,3,87.00
522,130,35,"Sensodyne Fresh Repair & Protect Tooth Paste",40,gms,70.00,65.00,1,18.00,5.00,7,65.00
523,131,1501,"Sunfeast Yippee Mood Masala Noodles 4 In 1 Pack",280,gms,58.00,56.00,1,12.00,2.00,3,56.00
524,131,1500,"Sunfeast Yippee Noodles 4 In 1 Pack",280,gms,78.00,75.00,2,12.00,3.00,4,150.00
525,131,1502,"Sunfeast Yippee Magic Masala Noodles 6 In 1 Pack",420,gms,68.00,66.00,1,12.00,2.00,3,66.00
526,132,515,"Whisper Ultra Soft Air Fresh",XL+30pads,pc,260.00,247.00,2,0.00,13.00,5,494.00
527,132,1660,"Tata Salt Soium Curtained Iodised Salt",1,kg,40.00,38.00,1,5.00,2.00,5,38.00
528,132,336,"Nivea Soft Face Cream Light Moisturer",50,ml,90.00,85.00,1,18.00,5.00,6,85.00
529,132,281,"Lakeme Face Wash Strawberry",50,gms,105.00,99.00,1,18.00,6.00,6,99.00
530,133,1717,"Maateja Hmt Premium Quality Rice",25,kg,1600.00,1150.00,1,5.00,450.00,28,1150.00
531,134,1764,"AASHIRWAAD ATTA WITH MULTIGRAINS",1,kg,64.00,62.00,3,5.00,2.00,3,62.00
532,134,1764,"AASHIRWAAD ATTA WITH MULTIGRAINS",1,kg,64.00,62.00,2,5.00,2.00,3,62.00
533,134,1764,"AASHIRWAAD ATTA WITH MULTIGRAINS",1,kg,64.00,62.00,1,5.00,2.00,3,62.00
534,135,1764,"AASHIRWAAD ATTA WITH MULTIGRAINS",1,kg,64.00,62.00,3,5.00,2.00,3,62.00
535,135,1764,"AASHIRWAAD ATTA WITH MULTIGRAINS",1,kg,64.00,62.00,2,5.00,2.00,3,62.00
536,135,1764,"AASHIRWAAD ATTA WITH MULTIGRAINS",1,kg,64.00,62.00,1,5.00,2.00,3,62.00
537,136,1764,"AASHIRWAAD ATTA WITH MULTIGRAINS",1,kg,64.00,62.00,3,5.00,2.00,3,62.00
538,136,1764,"AASHIRWAAD ATTA WITH MULTIGRAINS",1,kg,64.00,62.00,2,5.00,2.00,3,62.00
539,136,1764,"AASHIRWAAD ATTA WITH MULTIGRAINS",1,kg,64.00,62.00,1,5.00,2.00,3,62.00
540,137,1766,"Aswika Urad Dal",1,kg,150.00,125.00,3,0.00,25.00,17,375.00
541,137,1762,"Aswika Chana Dal",500,gms,60.00,42.00,1,0.00,18.00,30,42.00
542,137,1731,"Aashirwaad Superior Mp Atta ",1,kg,57.00,49.00,1,5.00,8.00,14,49.00
543,137,1736,"Aswika Chakki Atta ",1,kg,50.00,35.00,1,0.00,15.00,30,35.00
544,137,1747,"Aswika Idly Ravva",500,gms,25.00,18.00,1,0.00,7.00,28,18.00
545,137,1504,"Sunfeast Yippee Magic Masala Noodles ",70,gms,12.00,12.00,1,12.00,0.00,0,12.00
546,137,1508,"Maggi  2minutes Noodles",70,gms,12.00,12.00,2,12.00,0.00,0,24.00
547,137,1617,"Bingo Potato Chips Chilli Sprinkled",24.5,gms,10.00,10.00,2,1.00,0.00,0,20.00
548,137,1920,"Orbit Sugar Free Super Mint Flavour",4.4,gms,5.00,5.00,1,18.00,0.00,0,5.00
549,137,1922,"Doublemint Mints Spearmint Flavour",3.8,gms,10.00,10.00,1,18.00,0.00,0,10.00
550,138,1431,"Priya Cut Mango Pickle With Garlic",300,gms,90.00,85.00,1,12.00,5.00,6,85.00
551,138,1441,"Priya Lime Pickle With Garlic",300,gms,90.00,85.00,1,12.00,5.00,6,85.00
552,138,1627,"Lays Tomato Chips",30,gms,10.00,10.00,2,5.00,0.00,0,20.00
553,138,1631,"Haldiram's Moongdal",38,gms,10.00,10.00,2,12.00,0.00,0,20.00
554,138,1634,"Haldiram's Murmura Mirchi Masala",60,gms,10.00,10.00,3,12.00,0.00,0,30.00
555,138,1561,"Kelloggs Corn Flakes Original",100,gms,45.00,40.00,1,5.00,5.00,11,40.00
556,138,1508,"Maggi  2minutes Noodles",70,gms,12.00,12.00,1,12.00,0.00,0,12.00
557,138,1265,"Britannia Tiger Kreemz Elachhi Biscuits",43,gms,5.00,5.00,2,18.00,0.00,0,10.00
558,138,1274,"Britannia Marie Gold Biscuits",43,gms,5.00,5.00,2,18.00,0.00,0,10.00
559,138,1277,"Britannia Good Day Butter Cookies",75,gms,10.00,10.00,2,18.00,0.00,0,20.00
560,138,1304,"Sunfeast Dark Fantasy Choco Fills Cookie Biscuits",75,gms,30.00,28.00,1,18.00,2.00,7,28.00
561,138,1665,"Aswika Sugar",1,kg,50.00,39.00,1,5.00,11.00,22,39.00
562,138,1679," Jaggery Cubes",500,gms,40.00,30.00,1,5.00,10.00,25,30.00
563,138,768,"Patanjali Super Dish Bar",175,gms,10.00,10.00,1,18.00,0.00,0,10.00
564,138,772,"Vim Extra Anti Bac With Neem",145,gms,10.00,10.00,1,18.00,0.00,0,10.00
565,138,774,"Vim Extra Anti Smell With Pudhina Dishbar",145,gms,10.00,10.00,1,18.00,0.00,0,10.00
566,138,1178,"Minute Maid Pulpy Orange",400,ml,35.00,35.00,1,12.00,0.00,0,35.00
567,138,1254,"Glucose - D Jar",250,gms,61.00,51.00,1,5.00,10.00,16,51.00
568,139,1690,"Gold Drop Sunflower Oil",1,l,168.00,154.00,3,12.00,14.00,8,462.00
569,139,1759,"Aswika Moong Dal",500,gms,70.00,60.00,1,0.00,10.00,14,60.00
570,139,1761,"Aswikar Thoor Dal Polished",1,kg,140.00,110.00,1,0.00,30.00,21,110.00
571,139,1762,"Aswika Chana Dal",500,gms,60.00,42.00,1,0.00,18.00,30,42.00
572,139,1763,"Aswika Besan Gram/ Puttana",500,gms,80.00,45.00,2,0.00,35.00,44,90.00
573,139,1771,"Aswika Bobbarlu ",500,gms,50.00,43.00,1,0.00,7.00,14,43.00
574,139,1773,"Aswika Chanagalu",500,gms,50.00,35.00,1,0.00,15.00,30,35.00
575,139,1785,"Aswika Ground Nuts",1,kg,150.00,130.00,1,5.00,20.00,13,130.00
576,139,1787,"Aswika Barli",500,gms,30.00,25.00,1,0.00,5.00,17,25.00
577,139,1658,"Aashirvaad Iodised Salt",1,kg,20.00,19.00,2,5.00,1.00,5,38.00
578,139,1665,"Aswika Sugar",5,kg,250.00,200.00,1,5.00,50.00,20,200.00
579,139,1679," Jaggery Cubes",500,gms,40.00,30.00,1,5.00,10.00,25,30.00
580,139,1500,"Sunfeast Yippee Noodles 4 In 1 Pack",280,gms,78.00,75.00,1,12.00,3.00,4,75.00
581,139,825,"Glade Gel Floral Perfection",70,gms,80.00,75.00,1,18.00,5.00,6,75.00
582,139,59,"Bajaj Almond Hair Oil",200,ml,125.00,119.00,1,18.00,6.00,5,119.00
583,139,1830,"Aswika Baking Soda",250,gms,50.00,25.00,1,5.00,25.00,50,25.00
584,139,1833,"Aswika Soamp",50,gms,60.00,40.00,1,5.00,20.00,33,40.00
585,139,1751,"Aswika Red Wheat Rawa",500,gms,85.00,70.00,1,0.00,15.00,18,70.00
586,139,1545,"Bambino Roasted Vermicelli",900,gms,96.00,90.00,1,5.00,6.00,6,90.00
587,139,885,"Ambica Darbar Pooja Agarbatti Cow  Pooja",125,gms,100.00,95.00,1,5.00,5.00,5,95.00
588,139,968,"Vijaya Deepam Oil",500,ml,87.00,65.00,1,12.00,22.00,25,65.00
589,140,1701,"Saffola Tasty Oil Jar",5,l,630.00,598.00,2,12.00,32.00,5,1196.00
590,141,701,"Surf Excel Easy Wash",2,kg,177.00,170.00,2,18.00,7.00,4,340.00
591,142,440,"Baby Powder Himalaya",200,gms,130.00,120.00,2,18.00,10.00,8,240.00
592,142,440,"Baby Powder Himalaya",400,gms,200.00,180.00,2,18.00,20.00,10,360.00
593,142,70,"Navaratan Hair Oil",500,ml,295.00,280.00,1,18.00,15.00,5,280.00
594,143,1730,"AASHIRWAAD ATTA WITH MULTIGRAINS",1,kg,64.00,60.00,1,5.00,4.00,6,60.00
595,144,1665,"Aswika Sugar",1,kg,50.00,39.00,5,5.00,11.00,22,195.00
596,145,1730,"AASHIRWAAD ATTA WITH MULTIGRAINS",1,kg,64.00,60.00,1,5.00,4.00,6,60.00
597,145,1731,"AASHIRWAAD SUPERIOR MP ATTA ",2,kg,109.00,100.00,1,5.00,9.00,8,100.00
598,145,1732,"AASHIRWAAD SELECT SHARBATI  ATTA ",5,kg,300.00,265.00,1,5.00,35.00,12,265.00
599,145,1260,"Milk Bikis Cream Biscuits",120,gms,20.00,19.00,1,18.00,1.00,5,19.00
600,145,1261,"Milk Bikis",200,gms,27.00,26.00,1,18.00,1.00,4,26.00
601,145,1263,"Btiannia bour bon",120,gms,20.00,19.00,1,18.00,1.00,5,19.00
602,145,1267,"Britannia Tiger Kreemz Choco Biscuits",43,gms,5.00,5.00,1,18.00,0.00,0,5.00
603,145,59,"Bajaj Almond Hair Oil",50,ml,35.00,34.00,1,18.00,1.00,3,34.00
604,145,61,"Dabur Amla Hair Oil",180,ml,88.00,83.00,1,18.00,5.00,6,83.00
605,146,771,"Vim Lemon Dish Bar ",300,gms,20.00,19.00,1,18.00,1.00,5,19.00
606,146,810,"Lizol Surface Cleaner Citrus",200,ml,38.00,36.00,1,18.00,2.00,5,36.00
607,146,1682,"Freedom Sunflower Oil",1,l,204.00,154.00,2,12.00,50.00,25,308.00
608,146,1785,"Aswika Ground Nuts",500,gms,75.00,65.00,1,5.00,10.00,13,65.00
609,146,712,"Surf Excel  Stain Eraser Soaps ",250,gms,27.00,26.00,1,18.00,1.00,4,26.00
610,146,1736,"Aswika Chakki Atta ",1,kg,50.00,35.00,1,0.00,15.00,30,35.00
611,146,1737,"Aswika Poori Atta ",500,gms,25.00,16.00,1,0.00,9.00,36,16.00
612,146,1745,"Svr Gold Idly Ravva",1,kg,50.00,35.00,2,0.00,15.00,30,70.00
613,146,1748,"Aswika Bombay Ravva",1,kg,60.00,38.00,1,0.00,22.00,37,38.00
614,146,1263,"Btiannia Bour Bon",120,gms,20.00,19.00,1,18.00,1.00,5,19.00
615,146,1262,"Britannia Tiger Krunch Chocochips",80,gms,10.00,10.00,2,18.00,0.00,0,20.00
616,146,1750,"Aswika Wheat Ravva (medium)",1,kg,48.00,40.00,1,0.00,8.00,17,40.00
617,147,1145,"Taj Mahal Tea",100,gms,75.00,72.00,1,5.00,3.00,4,72.00
618,147,1799,"Swastik Haldi/turmeric Powder",100,gms,35.00,20.00,1,5.00,15.00,43,20.00
619,147,1840,"Aswka Sabji Big",250,gms,30.00,24.00,1,5.00,6.00,20,24.00
620,147,1779,"Aswik Til White",250,gms,45.00,35.00,1,0.00,10.00,22,35.00
621,147,1729,"Aswka Marmur ",1,kg,60.00,35.00,1,5.00,25.00,42,35.00
622,147,1551,"Mtr Roasted  Vermicelli",400,gms,27.00,26.00,1,5.00,1.00,4,26.00
623,147,1171,Thumsup,250,ml,20.00,20.00,2,12.00,0.00,0,40.00
624,147,895,"Mangaldeep Pooja Agarbatti Temple Silver Tradition",20,gms,20.00,19.00,1,5.00,1.00,5,19.00
625,147,959,"Charminar Maroon Kumkum",50,gms,26.00,15.00,1,0.00,11.00,42,15.00
626,147,1215,"Horlicks Classic Malt Sachet",200,gms,90.00,88.00,1,18.00,2.00,2,88.00
627,147,1396,"Heritage Special Ghee",200,ml,135.00,130.00,1,12.00,5.00,4,130.00
628,147,1263,"Btiannia Bour Bon",120,gms,20.00,19.00,1,18.00,1.00,5,19.00
629,147,1262,"Britannia Tiger Krunch Chocochips",80,gms,10.00,10.00,1,18.00,0.00,0,10.00
630,148,1762,"Aswika Chana Dal",500,gms,60.00,42.00,1,0.00,18.00,30,42.00
631,148,1766,"Aswika Urad Dal",1,kg,150.00,125.00,1,0.00,25.00,17,125.00
632,148,1733,"Annapurna  Farm Fresh Atta",1,kg,55.00,50.00,1,5.00,5.00,9,50.00
633,148,1736,"Aswika Chakki Atta ",1,kg,50.00,35.00,1,0.00,15.00,30,35.00
634,148,1746,"Srilalitha Idly Ravva",1,kg,50.00,38.00,1,0.00,12.00,24,38.00
635,148,1567,"Mtr Gulab Jamun Buy 1 Get 1",175,gms,130.00,125.00,1,5.00,5.00,4,125.00
636,148,1278,"Britannia Good Day Butter Cookies  38 Gms",12,pcs,60.00,55.00,1,18.00,5.00,8,55.00
637,148,1508,"Maggi  2minutes Noodles",70,gms,12.00,12.00,1,12.00,0.00,0,12.00
638,148,1658,"Aashirvaad Iodised Salt",1,kg,20.00,19.00,1,5.00,1.00,5,19.00
639,149,1394,"VIJAYA GHEE",1,l,510.00,300.00,5,12.00,210.00,41,1500.00
640,150,963,"Cotton Thread Big",1,pc,25.00,10.00,1,0.00,15.00,60,10.00
641,150,1831,"Aswika Biryani Flower",10,gms,20.00,10.00,1,0.00,10.00,50,10.00
642,150,962,"Srisailam Deepam Flower Wicks/ Vattulu",50,pc,20.00,10.00,1,0.00,10.00,50,10.00
643,150,961,"Srisailam Deepam Cotton Wicks/ Vattulu",125,pcs,20.00,10.00,1,0.00,10.00,50,10.00
644,150,2045,"Karachi Soan Papidi",200,gms,80.00,40.00,1,1.00,40.00,50,40.00
645,150,1291,"Parle Monaco Biscuits",400,gms,60.00,50.00,1,18.00,10.00,17,50.00
646,151,1730,"AASHIRWAAD ATTA WITH MULTIGRAINS",1,kg,64.00,60.00,1,5.00,4.00,6,60.00
647,151,1730,"AASHIRWAAD ATTA WITH MULTIGRAINS",5,kg,310.00,275.00,1,5.00,35.00,11,275.00
648,151,1731,"AASHIRWAAD SUPERIOR MP ATTA ",1,kg,57.00,49.00,1,5.00,8.00,14,49.00
649,151,1731,"AASHIRWAAD SUPERIOR MP ATTA ",2,kg,109.00,100.00,1,5.00,9.00,8,100.00
650,151,1758,"Aswika Masoor Thoor Dal",500,gms,50.00,42.00,1,0.00,8.00,16,42.00
651,152,1737,"Aswika Poori Atta ",1,kg,50.00,32.00,1,0.00,18.00,36,32.00
652,152,1745,"Svr Gold Idly Ravva",1,kg,50.00,35.00,1,0.00,15.00,30,35.00
653,152,1699,"Freedom Sunflower Oil (bottle)",1,l,153.00,140.00,1,12.00,13.00,8,140.00
654,152,712,"Surf Excel  Stain Eraser Soaps ",250,gms,27.00,26.00,1,18.00,1.00,4,26.00
655,152,812,"Lizol Surface Cleaner Floral Rose",200,ml,38.00,36.00,1,18.00,2.00,5,36.00
656,152,855,"Napthalene Balls White",100,gms,38.00,25.00,1,18.00,13.00,34,25.00
657,152,917,"Lobhan Dhoop Sticks",12,N,12.00,11.00,1,5.00,1.00,8,11.00
658,152,908,"Lia Pooja Agarbatti Jasmine",115,gms,50.00,46.00,1,5.00,4.00,8,46.00
659,152,1504,"Sunfeast Yippee Magic Masala Noodles ",70,gms,12.00,12.00,2,12.00,0.00,0,24.00
660,152,1145,"Taj Mahal Tea",100,gms,75.00,72.00,1,5.00,3.00,4,72.00
661,152,845,"Harpic Power Plus Stain Removal Bathroom Cleaner",600,ml,110.00,99.00,1,18.00,11.00,10,99.00
662,152,1665,"Aswika Sugar",1,kg,50.00,42.00,1,5.00,8.00,16,42.00
663,152,1731,"Aashirwaad Superior Mp Atta ",1,kg,57.00,49.00,1,5.00,8.00,14,49.00
664,153,1690,"Gold Drop Sunflower Oil",5,l,859.00,770.00,10,12.00,89.00,10,7700.00
665,154,1760,"Aswika Thoor Dal ",1,kg,150.00,110.00,1,0.00,40.00,27,110.00
666,154,1762,"Aswika Chana Dal",500,gms,60.00,42.00,1,0.00,18.00,30,42.00
667,154,1765,"Aswika Uradal Gota",1,kg,160.00,110.00,1,0.00,50.00,31,110.00
668,154,1779," Til / Nuvvulu White",250,gms,50.00,40.00,1,0.00,10.00,20,40.00
669,154,1785,"Aswika Ground Nuts / Palli",1,kg,180.00,135.00,1,5.00,45.00,25,135.00
670,154,557,"Santoor Total Skin Care With Sandal & Turmeric Bath Soap Pack",400,gms,116.00,113.00,1,18.00,3.00,3,113.00
671,154,438,"Baby Santoor Soap",75,gms,48.00,46.00,1,18.00,2.00,4,46.00
672,154,437,"Baby Dove Baby Bathing Bar",75,gms,52.00,49.00,1,18.00,3.00,6,49.00
673,154,1731,"Aashirwaad Superior Mp Atta ",1,kg,57.00,49.00,1,5.00,8.00,14,49.00
674,154,1739,"Aswika Besan Flour",500,gms,70.00,42.00,1,0.00,28.00,40,42.00
675,154,1740,"Venkateshwara Corn Floor",500,gms,40.00,28.00,1,0.00,12.00,30,28.00
676,154,1746,"Srilalitha Idly Ravva",1,kg,50.00,38.00,1,0.00,12.00,24,38.00
677,154,1748,"Aswika Bombay Ravva",500,gms,30.00,28.00,1,0.00,2.00,7,28.00
678,154,1544,"Bambino Vemicelli",850,gms,71.00,65.00,1,5.00,6.00,8,65.00
679,154,1809,"Aswika Dhania ",200,gms,50.00,30.00,1,5.00,20.00,40,30.00
680,154,1815,"Aswika Jeera",100,gms,50.00,25.00,1,5.00,25.00,50,25.00
681,154,1816,"Aswika Shajeera",50,gms,33.00,30.00,1,5.00,3.00,9,30.00
682,154,1658,"Aashirvaad Iodised Salt",1,kg,22.00,19.00,1,5.00,3.00,14,19.00
683,154,1144,"Red Label Natural Care",250,gms,155.00,149.00,1,5.00,6.00,4,149.00
684,154,1665,"Aswika Sugar",1,kg,50.00,42.00,1,5.00,8.00,16,42.00
685,154,1678," Jaggery Chakka",1,kg,85.00,65.00,1,5.00,20.00,24,65.00
686,154,778,"Exo Touch & Shine Round With Scrubber",500,gms,49.00,47.00,1,18.00,2.00,4,47.00
687,154,750,"Comfort Morning Fresh",860,ml,225.00,199.00,1,18.00,26.00,12,199.00
688,154,742,"Wheel 2 In 1 Detergent Powder",1,kg,55.00,53.00,1,18.00,2.00,4,53.00
689,154,1567,"Mtr Gulab Jamun Buy 1 Get 1",175,gms,130.00,125.00,1,5.00,5.00,4,125.00
690,154,287,"Ponds Talcum Powder Magic Freshness ",50,gms,60.00,58.00,1,18.00,2.00,3,58.00
691,154,1682,"Freedom Sunflower Oil",1,l,177.00,145.00,3,12.00,32.00,18,435.00
692,154,44,"Pepsodent Germ Check Tooth Paste",200,gms,90.00,85.00,1,18.00,5.00,6,85.00
693,154,440,"Baby Powder Himalaya",200,gms,130.00,120.00,1,18.00,10.00,8,120.00
694,155,1617,"Bingo Potato Chips Chilli Sprinkled",52,gms,20.00,19.00,1,1.00,1.00,5,19.00
695,155,1618,"Bingo Potato Chips Salt Sprinkled",52,gms,20.00,19.00,1,1.00,1.00,5,19.00
696,155,1625,"Kurkure Green Chutney Style",40.5,gms,10.00,10.00,2,5.00,0.00,0,20.00
697,155,1627,"Lays Tomato Chips",30,gms,10.00,10.00,2,5.00,0.00,0,20.00
698,155,1627,"Lays Tomato Chips",52,gms,20.00,19.00,1,5.00,1.00,5,19.00
699,155,1634,"Haldiram's Murmura Mirchi Masala",60,gms,10.00,10.00,3,12.00,0.00,0,30.00
700,155,1430,"Priaya Ginger Pickle With Garlic",500,gms,150.00,140.00,1,12.00,10.00,7,140.00
701,155,1431,"Priya Cut Mango Pickle With Garlic",500,gms,150.00,140.00,1,12.00,10.00,7,140.00
702,155,1508,"Maggi  2minutes Noodles",70,gms,12.00,12.00,4,12.00,0.00,0,48.00
703,155,1276,"Britannia Good Day Cashew Cookie Biscuits",200,gms,40.00,38.00,1,18.00,2.00,5,38.00
704,155,1281,"Britannia  50 - 50 Sweet & Salty",150,gms,20.00,19.00,1,18.00,1.00,5,19.00
705,155,1288,"Parle Parle -g Gold Biscuits",200,gms,25.00,24.00,1,18.00,1.00,4,24.00
706,155,1304,"Sunfeast Dark Fantasy Choco Fills Cookie Biscuits",75,gms,30.00,28.00,1,18.00,2.00,7,28.00
707,155,1312,"Cadbury Original Oreo",46.3,gms,10.00,10.00,3,18.00,0.00,0,30.00
708,155,1321,"Dukes Waffy Orange",60,gms,45.00,43.00,1,18.00,2.00,4,43.00
709,155,514,"Whisper Choice Ultra","XL ( 6 Pads)","1 pc",42.00,40.00,1,0.00,2.00,5,40.00
710,155,197,"Himalaya Body Lotion Cocoa Butter Intensive",100,ml,85.00,80.00,1,18.00,5.00,6,80.00
711,155,2026,"Banjara's Aloevera Cucumber Gel",100,gms,100.00,95.00,1,0.00,5.00,5,95.00
712,155,104,"Patanjali Kesh Kanti Shikakai Shampoo",200,ml,95.00,90.00,1,18.00,5.00,5,90.00
713,155,776,"Vim Lemon Liquid Dish Wash Bottle",500,ml,105.00,100.00,1,18.00,5.00,5,100.00
714,155,883,"Ambica Darbar Pooja Agarbatti",28,gms,20.00,18.00,1,5.00,2.00,10,18.00
715,155,1815,"Aswika Jeera",250,gms,100.00,60.00,1,5.00,40.00,40,60.00
716,155,1679," Jaggery Cubes",1,kg,80.00,60.00,1,5.00,20.00,25,60.00
717,155,1763,"Aswika Bengal Gram/ Puttana",500,gms,60.00,50.00,1,0.00,10.00,17,50.00
718,155,1739,"Aswika Besan Flour",500,gms,70.00,42.00,1,0.00,28.00,40,42.00
719,156,1147,"Tata Chakri Gold",100,gms,75.00,72.00,1,5.00,3.00,4,72.00
720,156,1274,"Britannia Marie Gold Biscuits",43,gms,5.00,5.00,4,18.00,0.00,0,20.00
721,156,1615,"Liitle Hearts Classic",34.5,gms,10.00,10.00,1,1.00,0.00,0,10.00
722,156,1760,"Aswika Thoor Dal ",1,kg,150.00,110.00,1,0.00,40.00,27,110.00
723,156,1770,"Vijaya Lakshmi Urad Dal",1,kg,170.00,128.00,1,0.00,42.00,25,128.00
724,156,1725,"Kurnool No.1 Raw Rice Sonamasoori",25,kg,1600.00,1350.00,1,5.00,250.00,16,1350.00
725,156,1818,"Aswika Gasagasalu / Kush Kush",25,gms,60.00,50.00,1,5.00,10.00,17,50.00
726,156,1819,"Aswika Marati Mogga",50,gms,60.00,30.00,1,5.00,30.00,50,30.00
727,156,1820,"Aswika Anasa Puvvu",25,gms,60.00,30.00,1,5.00,30.00,50,30.00
728,156,1822,"Aswika Jaggikaya",25,gms,35.00,25.00,1,5.00,10.00,29,25.00
729,156,1825,"Aswika Black Pepper",25,gms,25.00,20.00,1,5.00,5.00,20,20.00
730,156,1826,"Aswika Elachi",10,gms,50.00,34.00,1,5.00,16.00,32,34.00
731,156,1831,"Aswika Biryani Flower",10,gms,20.00,10.00,1,0.00,10.00,50,10.00
732,156,1832,"Aswika Japatri",10,gms,35.00,23.00,1,5.00,12.00,34,23.00
733,156,1834,"Aswika Clove / Lavanga",25,gms,30.00,20.00,1,5.00,10.00,33,20.00
734,156,1835,"Aswika Vaamu",50,gms,25.00,15.00,1,5.00,10.00,40,15.00
735,156,1856,"Everest Chicken Masala",50,gms,38.00,35.00,1,5.00,3.00,8,35.00
736,156,1658,"Aashirvaad Iodised Salt",1,kg,22.00,19.00,1,5.00,3.00,14,19.00
737,156,1659,"Tata Iodised Salt",1,kg,22.00,20.00,1,5.00,2.00,9,20.00
738,156,1500,"Sunfeast Yippee Noodles 4 In 1 Pack",280,gms,78.00,75.00,1,12.00,3.00,4,75.00
739,156,1616,"Bingo Mad Angles  Tomato Flavour",52,gms,20.00,19.00,1,1.00,1.00,5,19.00
740,156,1628,"Lays Onion Flavour Chips",52,gms,20.00,19.00,1,5.00,1.00,5,19.00
741,156,1484,"Kissan Mixed Fruit Jam",200,gms,65.00,63.00,2,12.00,2.00,3,126.00
742,156,1555,Oats,400,gms,77.00,73.00,1,5.00,4.00,5,73.00
743,156,1562,"Kelloggs Corn Flakes Chocos",250,gms,125.00,118.00,1,5.00,7.00,6,118.00
744,156,1380,"Spencer's Sandwich Bread",400,gms,40.00,38.00,1,5.00,2.00,5,38.00
745,156,701,"Surf Excel Easy Wash",500,gms,62.00,60.00,1,18.00,2.00,3,60.00
746,156,707,"Surf Excel Matic Front Load Liquid",1.02,l,225.00,199.00,1,18.00,26.00,12,199.00
747,156,845,"Harpic Power Plus Stain Removal Bathroom Cleaner",1,l,187.00,175.00,1,18.00,12.00,6,175.00
748,156,896,"Cycle Pooja Agarbatti 3 In 1",220,gms,100.00,95.00,1,5.00,5.00,5,95.00
749,156,776,"Vim Lemon Liquid Dish Wash Bottle",250,ml,45.00,44.00,1,18.00,1.00,2,44.00
750,156,27,"Dabur Red Gel Tooth Paste",150,gms,80.00,75.00,1,18.00,5.00,6,75.00
751,156,687,"Dettol Original Liquid Hand Wash Bottle",250,ml,99.00,94.00,1,18.00,5.00,5,94.00
752,156,599,"Cinthol Lime Soap Pack 1 (4 N) - 300 Gms",300,gms,75.00,71.00,1,18.00,4.00,5,71.00
753,156,563,"Dettol Original Skin Care Soap",45,gms,10.00,10.00,1,18.00,0.00,0,10.00
754,156,286,"Ponds Talcum Powder Dream Flower",100,gms,90.00,90.00,1,18.00,0.00,0,90.00
755,156,1177,"Appy Fizz Fruit Juice Based Drink",1,l,33.00,33.00,1,12.00,0.00,0,33.00
756,157,1730,"Aashirwaad Atta With Multigrains",1,kg,67.00,60.00,9,5.00,7.00,10,540.00
757,158,1769,"Double Horse Urad Dal",1,kg,160.00,130.00,1,0.00,30.00,19,130.00
758,158,1731,"Aashirwaad Superior Mp Atta ",1,kg,57.00,49.00,1,5.00,8.00,14,49.00
759,158,1737,"Aswika Poori Atta ",1,kg,50.00,32.00,1,0.00,18.00,36,32.00
760,158,1746,"Srilalitha Idly Ravva",1,kg,50.00,38.00,2,0.00,12.00,24,76.00
761,158,1749,"Aswika Kesari Ravva",1,kg,45.00,40.00,1,0.00,5.00,11,40.00
762,158,20,"Colgate Kids Tooth Powder Bubble Flavour 2- 5 Years",40,gms,40.00,39.00,1,18.00,1.00,3,39.00
763,158,29,"Dabur Miswak Tooth Paste",100,gms,52.00,50.00,1,18.00,2.00,4,50.00
764,158,35,"Sensodyne Fresh Repair & Protect Tooth Paste",40,gms,70.00,65.00,2,18.00,5.00,7,130.00
765,159,1690,"Gold Drop Sunflower Oil",5,l,859.00,770.00,1,12.00,89.00,10,770.00
766,160,1665,"Aswika Sugar",2,kg,100.00,84.00,1,5.00,16.00,16,84.00
767,160,1766,"Aswika Urad Dal",1,kg,150.00,125.00,2,0.00,25.00,17,250.00
768,160,1747,"Aswika Idly Ravva",1,kg,60.00,36.00,1,0.00,24.00,40,36.00
769,160,1553,"Haldiram's Vermicelli Moplleez",900,gms,70.00,66.00,1,5.00,4.00,6,66.00
770,160,1734,"Patanjali Atta (with Bran) Wheat Flour",1,kg,48.00,48.00,1,5.00,0.00,0,48.00
771,160,1785,"Aswika Ground Nuts / Palli",1,kg,180.00,135.00,1,5.00,45.00,25,135.00
772,160,1840,"Aswka Sabji / Saggubiyyam Big",1,kg,120.00,90.00,1,5.00,30.00,25,90.00
773,160,1814,"Aswika Mustard Seeds / Aavalu  (big)",100,gms,15.00,10.00,1,5.00,5.00,33,10.00
774,160,1815,"Aswika Jeera",100,gms,50.00,25.00,1,5.00,25.00,50,25.00
775,160,1762,"Aswika Chana Dal",500,gms,60.00,42.00,1,0.00,18.00,30,42.00
776,160,1145,"Taj Mahal Tea",100,gms,75.00,72.00,1,5.00,3.00,4,72.00
777,160,1699,"Freedom Sunflower Oil (bottle)",1,l,215.00,150.00,3,12.00,65.00,30,450.00
778,160,29,"Dabur Miswak Tooth Paste",100,gms,52.00,50.00,1,18.00,2.00,4,50.00
779,160,733,"Ariel Matic Top Load Liquid Detegent",1,l,199.00,179.00,1,18.00,20.00,10,179.00
780,160,771,"Vim Lemon Dish Bar ",155,gms,10.00,10.00,1,18.00,0.00,0,10.00
781,160,1779," Til / Nuvvulu White",500,gms,140.00,80.00,1,0.00,60.00,43,80.00
782,160,1816,"Aswika Shajeera",25,gms,17.00,15.00,1,5.00,2.00,12,15.00
783,160,1255,"Glucose - D Tangy Orange",200,gms,64.00,60.00,1,5.00,4.00,6,60.00
784,160,1727,"Aswika Poha/atukulu",1,kg,60.00,50.00,1,5.00,10.00,17,50.00
785,160,1646,"Aswika Cashew Nuts",100,gms,100.00,75.00,1,12.00,25.00,25,75.00
786,160,1751,"Aswika Red Wheat Rawa",1,kg,170.00,140.00,1,0.00,30.00,18,140.00
787,160,1161,"Bru Instant",50,gms,70.00,68.00,1,5.00,2.00,3,68.00
788,160,1856,"Everest Chicken Masala",50,gms,38.00,35.00,1,5.00,3.00,8,35.00
789,160,1854,"Everest Fish Curry Masala",50,gms,40.00,37.00,1,5.00,3.00,8,37.00
790,160,1558,"Saffola Masala Oats Masala & Coriander",500,gms,190.00,180.00,1,5.00,10.00,5,180.00
791,161,1760,"Aswika Thoor Dal ",1,kg,150.00,110.00,1,0.00,40.00,27,110.00
792,161,1762,"Aswika Chana Dal",1,kg,120.00,80.00,1,0.00,40.00,33,80.00
793,161,1764,"Aswika Pesara Pappu ( Moong Chilaka)",500,gms,80.00,60.00,1,0.00,20.00,25,60.00
794,161,1765,"Aswika Uradal Gota",1,kg,160.00,110.00,2,0.00,50.00,31,220.00
795,161,1785,"Aswika Ground Nuts / Palli",1,kg,180.00,135.00,1,5.00,45.00,25,135.00
796,161,1731,"Aashirwaad Superior Mp Atta ",1,kg,57.00,49.00,1,5.00,8.00,14,49.00
797,161,1746,"Srilalitha Idly Ravva",1,kg,50.00,38.00,2,0.00,12.00,24,76.00
798,161,1748,"Aswika Bombay Ravva",1,kg,60.00,38.00,1,0.00,22.00,37,38.00
799,161,1658,"Aashirvaad Iodised Salt",1,kg,22.00,19.00,1,5.00,3.00,14,19.00
800,161,1665,"Aswika Sugar",1,kg,50.00,42.00,1,5.00,8.00,16,42.00
801,161,1668,"Aswika Misri",100,gms,15.00,10.00,1,5.00,5.00,33,10.00
802,161,1682,"Freedom Sunflower Oil",1,l,165.00,140.00,3,12.00,25.00,15,420.00
803,161,1646,"Aswika Cashew Nuts",250,gms,250.00,185.00,1,12.00,65.00,26,185.00
804,161,708,"Surf Excel Matic Front Load Pouch",2,l,425.00,365.00,1,18.00,60.00,14,365.00
805,161,778,"Exo Touch & Shine Round With Scrubber",500,gms,49.00,47.00,1,18.00,2.00,4,47.00
806,161,891,"Mangaldeep Pooja Agarbatti Anushri",63,gms,30.00,28.00,1,5.00,2.00,7,28.00
807,161,1588,"Hit Anti Roach ",1,pc,20.00,20.00,1,1.00,0.00,0,20.00
808,161,742,"Wheel 2 In 1 Detergent Powder",1,kg,60.00,57.00,1,18.00,3.00,5,57.00
809,161,44,"Pepsodent Germ Check Tooth Paste",200,gms,90.00,85.00,1,18.00,5.00,6,85.00
810,161,1140,"3 Roses Natural Care",100,gms,65.00,63.00,1,5.00,2.00,3,63.00
811,161,1813,"Aswika Mustard Seeds / Aavalu(small)",100,gms,25.00,15.00,1,5.00,10.00,40,15.00
812,161,1819,"Aswika Marati Mogga",50,gms,60.00,30.00,1,5.00,30.00,50,30.00
813,161,1826,"Aswika Elachi",10,gms,50.00,34.00,1,5.00,16.00,32,34.00
814,161,1757,"Aswika Meal Maker",250,gms,25.00,18.00,1,0.00,7.00,28,18.00
815,161,1544,"Bambino Vemicelli",850,gms,71.00,65.00,1,5.00,6.00,8,65.00
816,161,557,"Santoor Total Skin Care With Sandal & Turmeric Bath Soap Pack",400,gms,116.00,113.00,1,18.00,3.00,3,113.00
817,161,437,"Baby Dove Baby Bathing Bar",75,gms,52.00,49.00,1,18.00,3.00,6,49.00
818,161,438,"Baby Santoor Soap",75,gms,48.00,46.00,1,18.00,2.00,4,46.00
819,161,329,"Glow & Lovely  Face Cream Advanced Multi Vitamin",50,gms,106.00,102.00,1,18.00,4.00,4,102.00
820,162,1788,"Aswika Red Chilli ",250,gms,70.00,43.00,1,5.00,27.00,39,43.00
821,162,1652,"Aswika Almond Nuts",100,gms,120.00,75.00,1,12.00,45.00,38,75.00
822,162,1683,"Freedom Groundnut Oil",1,l,220.00,150.00,1,12.00,70.00,32,150.00
823,162,707,"Surf Excel Matic Front Load Liquid",1.02,l,225.00,199.00,1,18.00,26.00,12,199.00
824,162,1724,"Gajraj Kurnool Sonamasoori Rice",25,kg,1600.00,1000.00,1,5.00,600.00,38,1000.00
825,163,1731,"AASHIRWAAD SUPERIOR MP ATTA ",10,kg,490.00,399.00,16,5.00,91.00,19,6384.00
826,164,1236,"Pediasure Premium Chocolate Flavour Jar",400,gms,610.00,580.00,1,18.00,30.00,5,580.00
827,164,44,"Pepsodent Germ Check Tooth Paste",200,gms,90.00,85.00,1,18.00,5.00,6,85.00
828,164,1140,"3 Roses Natural Care",250,gms,180.00,175.00,1,5.00,5.00,3,175.00
829,164,750,"Comfort Morning Fresh",220,ml,56.00,53.00,1,18.00,3.00,5,53.00
830,164,1731,"Aashirwaad Superior Mp Atta ",1,kg,57.00,49.00,1,5.00,8.00,14,49.00
831,164,1746,"Srilalitha Idly Ravva",1,kg,50.00,38.00,2,0.00,12.00,24,76.00
832,164,1748,"Aswika Bombay Ravva",1,kg,60.00,38.00,1,0.00,22.00,37,38.00
833,164,1760,"Aswika Thoor Dal ",1,kg,150.00,110.00,1,0.00,40.00,27,110.00
834,164,1762,"Aswika Chana Dal",500,gms,60.00,42.00,1,0.00,18.00,30,42.00
835,164,1764,"Aswika Pesara Pappu ( Moong Chilaka)",500,gms,80.00,60.00,1,0.00,20.00,25,60.00
836,164,1765,"Aswika Uradal Gota",1,kg,160.00,110.00,2,0.00,50.00,31,220.00
837,164,1785,"Aswika Ground Nuts / Palli",500,gms,95.00,70.00,1,5.00,25.00,26,70.00
838,164,1682,"Freedom Sunflower Oil",1,l,165.00,140.00,3,12.00,25.00,15,420.00
839,164,1658,"Aashirvaad Iodised Salt",1,kg,22.00,19.00,1,5.00,3.00,14,19.00
840,164,1665,"Aswika Sugar",1,kg,50.00,42.00,1,5.00,8.00,16,42.00
841,164,1646,"Aswika Cashew Nuts",250,gms,250.00,185.00,1,12.00,65.00,26,185.00
842,164,778,"Exo Touch & Shine Round With Scrubber",500,gms,49.00,47.00,1,18.00,2.00,4,47.00
843,164,287,"Ponds Talcum Powder Magic Freshness ",100,gms,110.00,105.00,1,18.00,5.00,5,105.00
844,164,437,"Baby Dove Baby Bathing Bar",75,gms,52.00,49.00,2,18.00,3.00,6,98.00
845,164,438,"Baby Santoor Soap",75,gms,48.00,46.00,1,18.00,2.00,4,46.00
846,165,1208,"Boost  3x More Stamina Pouch",200,gms,90.00,88.00,1,5.00,2.00,2,88.00
847,165,1512,"Chings Veg Hakka Noodles",150,gms,25.00,24.00,2,12.00,1.00,4,48.00
848,165,1413,"Amul Panner",200,gms,75.00,70.00,1,5.00,5.00,7,70.00
849,165,1508,"Maggi  2minutes Noodles",70,gms,12.00,12.00,2,12.00,0.00,0,24.00
850,165,1766,"Aswika Urad Dal",1,kg,150.00,125.00,1,0.00,25.00,17,125.00
851,165,1748,"Aswika Bombay Ravva",500,gms,30.00,28.00,1,0.00,2.00,7,28.00
852,165,1746,"Srilalitha Idly Ravva",1,kg,50.00,38.00,1,0.00,12.00,24,38.00
853,165,1687,"Vijaya Sunflower Oil",1,l,207.00,152.00,1,12.00,55.00,27,152.00
854,165,1665,"Aswika Sugar",500,gms,25.00,21.00,1,5.00,4.00,16,21.00
855,165,1169,"Nescafe Sunrise Sachet",50,gms,90.00,85.00,1,5.00,5.00,6,85.00
856,165,1358,"Britannia Toast Tea Bake Rusk",72,gms,10.00,10.00,2,18.00,0.00,0,20.00
857,165,1738,"Aswika Maida Flour",500,gms,25.00,18.00,1,0.00,7.00,28,18.00
858,165,1733,"Annapurna  Farm Fresh Atta",1,kg,55.00,50.00,1,5.00,5.00,9,50.00
859,165,1932,"Cadbury Bournville Rich Cocoa 50% Dark",31,gms,45.00,44.00,2,18.00,1.00,2,88.00
860,165,1815,"Aswika Jeera",100,gms,50.00,25.00,1,5.00,25.00,50,25.00
861,165,781,"Sabena Dishwash Powder",500,gms,13.00,12.00,1,18.00,1.00,8,12.00
862,165,1408,"Amul Pasturized Butter",100,gms,48.00,47.00,1,5.00,1.00,2,47.00
863,165,1379,"Spencer's Brown Bread",400,gms,40.00,38.00,1,5.00,2.00,5,38.00
864,165,1646,"Aswika Cashew Nuts",250,gms,250.00,185.00,1,12.00,65.00,26,185.00
865,166,1731,"Aashirwaad Superior Mp Atta ",10,kg,490.00,399.00,1,5.00,91.00,19,399.00
866,166,1702,"Freedom Refined Sunflower Oil  Jar",5,l,825.00,720.00,1,12.00,105.00,13,720.00
867,166,725,"Tide Extra Powder Jasmine & Rose",10,kg,905.00,799.00,2,18.00,106.00,12,1598.00
868,166,770,"Vim Lemon Dish Bar Pack",3*200g,gms,45.00,42.00,1,18.00,3.00,7,42.00
869,167,1730,"AASHIRWAAD ATTA WITH MULTIGRAINS",1,kg,67.00,60.00,1,5.00,7.00,10,60.00
870,167,1730,"AASHIRWAAD ATTA WITH MULTIGRAINS",5,kg,325.00,290.00,1,5.00,35.00,11,290.00
871,168,1730,"AASHIRWAAD ATTA WITH MULTIGRAINS",1,kg,67.00,60.00,1,5.00,7.00,10,60.00
872,168,1730,"AASHIRWAAD ATTA WITH MULTIGRAINS",5,kg,325.00,290.00,1,5.00,35.00,11,290.00
873,169,1730,"Aashirwaad Atta With Multigrains",5,kg,325.00,290.00,2,5.00,35.00,11,580.00
874,170,1500,"Sunfeast yippee noodles 4 in 1 pack",280,gms,78.00,75.00,1,12.00,3.00,4,75.00
875,170,1501,"Sunfeast yippee mood masala noodles 4 in 1 pack",280,gms,58.00,56.00,1,12.00,2.00,3,56.00
876,170,1502,"Sunfeast yippee Magic Masala noodles 6 in 1 pack",420,gms,68.00,66.00,1,12.00,2.00,3,66.00
877,170,1503,"Sunfeast yippee Magic Masala noodles 4 in 1 pack",280,gms,46.00,44.00,1,12.00,2.00,4,44.00
878,171,1718,"Suryateja Hmt Premium Quality Rice",25,kg,1600.00,1200.00,1,5.00,400.00,25,1200.00
879,172,1682,"Freedom Sunflower Oil",1,l,155.00,135.00,5,12.00,20.00,13,675.00
880,172,1665,"Aswika Sugar",1,kg,50.00,42.00,4,5.00,8.00,16,168.00
881,172,778,"Exo Touch & Shine Round With Scrubber",500,gms,49.00,47.00,1,18.00,2.00,4,47.00
882,172,556,"Santoor Total Skin Care With Sandal & Turmeric Bath Soap",100,gms,32.00,31.00,2,18.00,1.00,3,62.00
883,172,1738,"Aswika Maida Flour",1,kg,50.00,36.00,2,0.00,14.00,28,72.00
884,172,1739,"Aswika Besan Flour",500,gms,70.00,42.00,1,0.00,28.00,40,42.00
885,172,1746,"Srilalitha Idly Ravva",1,kg,50.00,38.00,1,0.00,12.00,24,38.00
886,172,1748,"Aswika Bombay Ravva",1,kg,60.00,38.00,1,0.00,22.00,37,38.00
887,172,1660,"Tata Salt Soium Curtained Iodised Salt",1,kg,40.00,38.00,2,5.00,2.00,5,76.00
888,172,1679," Jaggery Cubes",500,gms,40.00,30.00,1,5.00,10.00,25,30.00
889,172,1760,"Aswika Thoor Dal ",1,kg,150.00,110.00,1,0.00,40.00,27,110.00
890,172,1765,"Aswika Uradal Gota",1,kg,160.00,110.00,1,0.00,50.00,31,110.00
891,172,1785,"Aswika Ground Nuts / Palli",250,gms,50.00,36.00,1,5.00,14.00,28,36.00
892,172,1826,"Aswika Elachi",20,gms,75.00,68.00,1,5.00,7.00,9,68.00
893,172,1358,"Britannia Toast Tea Bake Rusk",200,gms,30.00,28.00,1,18.00,2.00,7,28.00
894,172,724,"Tide Natural Lemon & Chandan Detergent",1,kg,58.00,56.00,2,18.00,2.00,3,112.00
895,172,2078,"Rin Liquid",500,ml,55.00,53.00,1,18.00,2.00,4,53.00
896,172,957,"Gopuram Kumkum",100,gms,25.00,23.00,1,0.00,2.00,8,23.00
897,172,963,"Cotton Thread Big",1,pc,25.00,10.00,1,0.00,15.00,60,10.00
898,172,964,Gandham,30,gms,20.00,18.00,1,0.00,2.00,10,18.00
899,172,863,"Kiwi Shoe Polish Brown Leather ",15,gms,27.00,25.00,1,18.00,2.00,7,25.00
900,172,845,"Harpic Power Plus Stain Removal Bathroom Cleaner",200,ml,50.00,48.00,1,18.00,2.00,4,48.00
901,172,837,"Aier Morning Misty Meadows Bathroom Fragrance Pack",10,gms,55.00,50.00,2,18.00,5.00,9,100.00
902,172,1981,"Good Knight Power Active +",1,N,72.00,68.00,1,0.00,4.00,6,68.00
903,173,1760,"Aswika Thoor Dal ",1,kg,150.00,110.00,1,0.00,40.00,27,110.00
904,173,1765,"Aswika Uradal Gota",1,kg,160.00,110.00,1,0.00,50.00,31,110.00
905,173,1733,"Annapurna  Farm Fresh Atta",1,kg,55.00,50.00,1,5.00,5.00,9,50.00
906,173,1746,"Srilalitha Idly Ravva",1,kg,50.00,38.00,2,0.00,12.00,24,76.00
907,173,733,"Ariel Matic Top Load Liquid Detegent",500,ml,105.00,99.00,1,18.00,6.00,6,99.00
908,173,1687,"Vijaya Sunflower Oil",1,l,175.00,140.00,1,12.00,35.00,20,140.00
909,173,1140,"3 Roses Natural Care",100,gms,65.00,63.00,1,5.00,2.00,3,63.00
910,174,781,"Sabena Dishwash Powder",500,gms,13.00,12.00,1,18.00,1.00,8,12.00
911,174,1351,"Cadbury Cake Chocobakes",21,gms,10.00,10.00,1,18.00,0.00,0,10.00
912,174,1665,"Aswika Sugar",1,kg,50.00,42.00,2,5.00,8.00,16,84.00
913,174,1760,"Aswika Thoor Dal ",1,kg,150.00,110.00,1,0.00,40.00,27,110.00
914,174,1762,"Aswika Chana Dal",500,gms,60.00,42.00,1,0.00,18.00,30,42.00
915,174,1763,"Aswika Bengal Gram/ Puttana",500,gms,60.00,50.00,1,0.00,10.00,17,50.00
916,174,1764,"Aswika Pesara Pappu ( Moong Chilaka)",500,gms,80.00,60.00,1,0.00,20.00,25,60.00
917,174,1769,"Double Horse Urad Dal",1,kg,160.00,130.00,2,0.00,30.00,19,260.00
918,174,1785,"Aswika Ground Nuts / Palli",500,gms,95.00,70.00,1,5.00,25.00,26,70.00
919,174,1750,"Aswika Wheat Ravva (medium)",500,gms,25.00,20.00,1,0.00,5.00,20,20.00
920,174,1659,"Tata Iodised Salt",1,kg,22.00,20.00,1,5.00,2.00,9,20.00
921,174,1661,"Tata Crystal Salt",1,kg,18.00,15.00,1,5.00,3.00,17,15.00
922,174,1757,"Aswika Meal Maker",250,gms,25.00,18.00,1,0.00,7.00,28,18.00
923,174,1746,"Srilalitha Idly Ravva",1,kg,50.00,38.00,2,0.00,12.00,24,76.00
924,174,1731,"Aashirwaad Superior Mp Atta ",1,kg,57.00,49.00,1,5.00,8.00,14,49.00
925,174,1760,"Aswika Thoor Dal ",500,gms,75.00,55.00,1,0.00,20.00,27,55.00
926,174,1682,"Freedom Sunflower Oil",1,l,155.00,135.00,1,12.00,20.00,13,135.00
927,174,889,"Ambica Darbar Natural Sambrani Dhoop Sticks",50,gms,19.00,17.00,1,5.00,2.00,11,17.00
928,174,941,"Zed Block Pooja Agarbatti Premium Incense Sticks 3 In 1",100,gms,60.00,50.00,1,5.00,10.00,17,50.00
929,174,955,"Swastik Raw Camphor",50,gms,80.00,70.00,1,18.00,10.00,13,70.00
930,174,964,Gandham,30,gms,20.00,18.00,1,0.00,2.00,10,18.00
931,174,837,"Aier Morning Misty Meadows Bathroom Fragrance Pack",10,gms,55.00,50.00,1,18.00,5.00,9,50.00
932,174,871,"Spark Scrub Pad With Alox Power",1,pc,10.00,9.00,1,18.00,1.00,10,9.00
933,174,915,"Cycle Dhoop Sticks Navin Sambrani",8,N,32.00,30.00,1,5.00,2.00,6,30.00
934,175,1731,"Aashirwaad Superior Mp Atta ",1,kg,57.00,49.00,1,5.00,8.00,14,49.00
935,175,1738,"Aswika Maida Flour",500,gms,25.00,18.00,1,0.00,7.00,28,18.00
936,175,1739,"Aswika Besan Flour",500,gms,70.00,42.00,1,0.00,28.00,40,42.00
937,175,1746,"Srilalitha Idly Ravva",1,kg,50.00,38.00,2,0.00,12.00,24,76.00
938,175,1748,"Aswika Bombay Ravva",1,kg,60.00,38.00,1,0.00,22.00,37,38.00
939,175,1760,"Aswika Thoor Dal ",1,kg,150.00,110.00,1,0.00,40.00,27,110.00
940,175,1762,"Aswika Chana Dal",500,gms,60.00,42.00,1,0.00,18.00,30,42.00
941,175,1765,"Aswika Uradal Gota",1,kg,160.00,110.00,3,0.00,50.00,31,330.00
942,175,1785,"Aswika Ground Nuts / Palli",1,kg,180.00,135.00,1,5.00,45.00,25,135.00
943,175,1682,"Freedom Sunflower Oil",1,l,155.00,135.00,3,12.00,20.00,13,405.00
944,175,1809,"Aswika Dhania ",200,gms,50.00,30.00,1,5.00,20.00,40,30.00
945,175,1813,"Aswika Mustard Seeds / Aavalu(small)",100,gms,25.00,15.00,1,5.00,10.00,40,15.00
946,175,1815,"Aswika Jeera",100,gms,50.00,25.00,1,5.00,25.00,50,25.00
947,175,1658,"Aashirvaad Iodised Salt",1,kg,22.00,19.00,1,5.00,3.00,14,19.00
948,175,1665,"Aswika Sugar",1,kg,50.00,42.00,1,5.00,8.00,16,42.00
949,175,1647,"Aswika Cashews Broken (2 Pcs) Nuts",250,gms,200.00,165.00,1,12.00,35.00,18,165.00
950,175,1140,"3 Roses Natural Care",250,gms,180.00,175.00,1,5.00,5.00,3,175.00
951,175,708,"Surf Excel Matic Front Load Pouch",2,l,445.00,385.00,1,18.00,60.00,13,385.00
952,175,742,"Wheel 2 In 1 Detergent Powder",1,kg,60.00,57.00,1,18.00,3.00,5,57.00
953,175,750,"Comfort Morning Fresh",430,ml,120.00,114.00,1,18.00,6.00,5,114.00
954,175,1208,"Boost  3x More Stamina Pouch",200,gms,90.00,88.00,1,5.00,2.00,2,88.00
955,175,1241,"Pediasure Chocolate Flavour ",400,gms,545.00,530.00,1,18.00,15.00,3,530.00
956,175,44,"Pepsodent Germ Check Tooth Paste",200,gms,90.00,86.00,1,18.00,4.00,4,86.00
957,175,778,"Exo Touch & Shine Round With Scrubber",500,gms,49.00,47.00,1,18.00,2.00,4,47.00
958,175,779,"Exo Lemon Zing Dish Powder",400,gms,10.00,10.00,1,18.00,0.00,0,10.00
959,175,802,"Dettol Antiseptic Liquid",125,ml,55.00,54.00,1,18.00,1.00,2,54.00
960,175,845,"Harpic Power Plus Stain Removal Bathroom Cleaner",600,ml,110.00,99.00,1,18.00,11.00,10,99.00
961,175,286,"Ponds Talcum Powder Dream Flower",100,gms,90.00,90.00,1,18.00,0.00,0,90.00
962,175,437,"Baby Dove Baby Bathing Bar",75,gms,52.00,49.00,1,18.00,3.00,6,49.00
963,175,438,"Baby Santoor Soap",75,gms,48.00,46.00,1,18.00,2.00,4,46.00
964,175,557,"Santoor Total Skin Care With Sandal & Turmeric Bath Soap Pack",400,gms,116.00,113.00,1,18.00,3.00,3,113.00
965,175,1544,"Bambino Vemicelli",500,gms,45.00,42.00,1,5.00,3.00,7,42.00
966,175,1567,"Mtr Gulab Jamun Buy 1 Get 1",175,gms,130.00,125.00,2,5.00,5.00,4,250.00
967,176,1719,"Cow Hmt Premium Quality Rice",25,kg,1600.00,1180.00,1,5.00,420.00,26,1180.00
968,177,1702,"Freedom Refined Sunflower Oil  Jar",ml,L,2475.00,2140.00,1,12.00,335.00,14,2140.00
969,178,1699,"Freedom Sunflower Oil (Bottle)",1,l,165.00,143.00,3,12.00,22.00,13,429.00
970,178,1696,"Every Day Refined Sunflower Gold Oil",1,l,191.00,135.00,2,12.00,56.00,29,270.00
